Salary Structure,Grade Level,Step,Grade Level/Step,Annual Salary
CONPOSS,1,1,CONPOSS/1/1,97432.89
CONPOSS,2,1,CONPOSS/2/1,450621
CONPOSS,2,2,CONPOSS/2/2,455031.92
CONPOSS,2,3,CONPOSS/2/3,459442.84
CONPOSS,2,4,CONPOSS/2/4,463853.76
CONPOSS,2,5,CONPOSS/2/5,468264.68
CONPOSS,2,6,CONPOSS/2/6,472675.6
CONPOSS,2,7,CONPOSS/2/7,477086.53
CONPOSS,2,8,CONPOSS/2/8,481497.45
CONPOSS,2,9,CONPOSS/2/9,485908.37
CONPOSS,2,10,CONPOSS/2/10,490319.29
CONPOSS,3,1,CONPOSS/3/1,457818.65
CONPOSS,3,2,CONPOSS/3/2,463240.28
CONPOSS,3,3,CONPOSS/3/3,468661.91
CONPOSS,3,4,CONPOSS/3/4,474083.54
CONPOSS,3,5,CONPOSS/3/5,479505.17
CONPOSS,3,6,CONPOSS/3/6,484926.8
CONPOSS,3,7,CONPOSS/3/7,490348.43
CONPOSS,3,8,CONPOSS/3/8,495770.06
CONPOSS,3,9,CONPOSS/3/9,501191.69
CONPOSS,3,10,CONPOSS/3/10,506613.32
CONPOSS,4,1,CONPOSS/4/1,470845.9
CONPOSS,4,2,CONPOSS/4/2,477359.52
CONPOSS,4,3,CONPOSS/4/3,483873.15
CONPOSS,4,4,CONPOSS/4/4,490386.77
CONPOSS,4,5,CONPOSS/4/5,496900.4
CONPOSS,4,6,CONPOSS/4/6,503414.02
CONPOSS,4,7,CONPOSS/4/7,509927.64
CONPOSS,4,8,CONPOSS/4/8,516441.27
CONPOSS,4,9,CONPOSS/4/9,522954.89
CONPOSS,4,10,CONPOSS/4/10,529468.52
CONPOSS,5,1,CONPOSS/5/1,505895.55
CONPOSS,5,2,CONPOSS/5/2,513462.82
CONPOSS,5,3,CONPOSS/5/3,521030.1
CONPOSS,5,4,CONPOSS/5/4,528597.37
CONPOSS,5,5,CONPOSS/5/5,536164.65
CONPOSS,5,6,CONPOSS/5/6,543731.93
CONPOSS,5,7,CONPOSS/5/7,551299.2
CONPOSS,5,8,CONPOSS/5/8,558866.48
CONPOSS,5,9,CONPOSS/5/9,566433.75
CONPOSS,5,10,CONPOSS/5/10,574001.03
CONPOSS,6,1,CONPOSS/6/1,548079.96
CONPOSS,6,2,CONPOSS/6/2,557303.64
CONPOSS,6,3,CONPOSS/6/3,566527.31
CONPOSS,6,4,CONPOSS/6/4,575750.98
CONPOSS,6,5,CONPOSS/6/5,584974.65
CONPOSS,6,6,CONPOSS/6/6,594198.32
CONPOSS,6,7,CONPOSS/6/7,603422
CONPOSS,6,8,CONPOSS/6/8,612645.67
CONPOSS,6,9,CONPOSS/6/9,621869.34
CONPOSS,6,10,CONPOSS/6/10,631093.01
CONPOSS,7,1,CONPOSS/7/1,740798.57
CONPOSS,7,2,CONPOSS/7/2,755121.8
CONPOSS,7,3,CONPOSS/7/3,769445.02
CONPOSS,7,4,CONPOSS/7/4,783768.24
CONPOSS,7,5,CONPOSS/7/5,798091.47
CONPOSS,7,6,CONPOSS/7/6,812414.69
CONPOSS,7,7,CONPOSS/7/7,826737.92
CONPOSS,7,8,CONPOSS/7/8,841061.14
CONPOSS,7,9,CONPOSS/7/9,855384.37
CONPOSS,7,10,CONPOSS/7/10,869707.59
CONPOSS,8,1,CONPOSS/8/1,1363391.82
CONPOSS,8,2,CONPOSS/8/2,1380438.89
CONPOSS,8,3,CONPOSS/8/3,1397485.97
CONPOSS,8,4,CONPOSS/8/4,1414533.04
CONPOSS,8,5,CONPOSS/8/5,1431580.12
CONPOSS,8,6,CONPOSS/8/6,1448627.19
CONPOSS,8,7,CONPOSS/8/7,1465674.27
CONPOSS,8,8,CONPOSS/8/8,1482721.35
CONPOSS,8,9,CONPOSS/8/9,1499768.42
CONPOSS,8,10,CONPOSS/8/10,1516815.5
CONPOSS,9,1,CONPOSS/9/1,1440619.75
CONPOSS,9,2,CONPOSS/9/2,1460916.73
CONPOSS,9,3,CONPOSS/9/3,1481213.72
CONPOSS,9,4,CONPOSS/9/4,1501510.7
CONPOSS,9,5,CONPOSS/9/5,1521807.69
CONPOSS,9,6,CONPOSS/9/6,1542104.68
CONPOSS,9,7,CONPOSS/9/7,1562401.66
CONPOSS,9,8,CONPOSS/9/8,1582698.65
CONPOSS,9,9,CONPOSS/9/9,1602995.63
CONPOSS,9,10,CONPOSS/9/10,1623292.62
CONPOSS,10,1,CONPOSS/10/1,1552966.34
CONPOSS,10,2,CONPOSS/10/2,1575286.28
CONPOSS,10,3,CONPOSS/10/3,1597606.21
CONPOSS,10,4,CONPOSS/10/4,1619926.15
CONPOSS,10,5,CONPOSS/10/5,1642246.08
CONPOSS,10,6,CONPOSS/10/6,1664566.02
CONPOSS,10,7,CONPOSS/10/7,1686885.96
CONPOSS,10,8,CONPOSS/10/8,1709205.89
CONPOSS,10,9,CONPOSS/10/9,1731525.83
CONPOSS,10,10,CONPOSS/10/10,1753845.76
CONPOSS,11,1,CONPOSS/11/1,1677909.21
CONPOSS,11,2,CONPOSS/11/2,1712529.42
CONPOSS,11,3,CONPOSS/11/3,1747149.63
CONPOSS,11,4,CONPOSS/11/4,1781769.84
CONPOSS,11,5,CONPOSS/11/5,1816390.05
CONPOSS,11,6,CONPOSS/11/6,1851010.26
CONPOSS,11,7,CONPOSS/11/7,1885630.47
CONPOSS,11,8,CONPOSS/11/8,1920250.68
CONPOSS,12,1,CONPOSS/12/1,1776288.4
CONPOSS,12,2,CONPOSS/12/2,1812891.68
CONPOSS,12,3,CONPOSS/12/3,1849494.96
CONPOSS,12,4,CONPOSS/12/4,1886098.25
CONPOSS,12,5,CONPOSS/12/5,1922701.53
CONPOSS,12,6,CONPOSS/12/6,1959304.82
CONPOSS,12,7,CONPOSS/12/7,1995908.1
CONPOSS,12,8,CONPOSS/12/8,2032511.39
CONPOSS,13,1,CONPOSS/13/1,1879678.18
CONPOSS,13,2,CONPOSS/13/2,1919086.6
CONPOSS,13,3,CONPOSS/13/3,1958495.02
CONPOSS,13,4,CONPOSS/13/4,1997903.45
CONPOSS,13,5,CONPOSS/13/5,2037311.87
CONPOSS,13,6,CONPOSS/13/6,2076720.29
CONPOSS,13,7,CONPOSS/13/7,2116128.71
CONPOSS,13,8,CONPOSS/13/8,2155537.13
CONPOSS,14,1,CONPOSS/14/1,2483745.86
CONPOSS,14,2,CONPOSS/14/2,2536439.19
CONPOSS,14,3,CONPOSS/14/3,2589132.53
CONPOSS,14,4,CONPOSS/14/4,2641825.86
CONPOSS,14,5,CONPOSS/14/5,2694519.19
CONPOSS,14,6,CONPOSS/14/6,2747212.52
CONPOSS,14,7,CONPOSS/14/7,2799905.85
CONPOSS,15,1,CONPOSS/15/1,2699037.47
CONPOSS,15,2,CONPOSS/15/2,2762367.01
CONPOSS,15,3,CONPOSS/15/3,2825696.55
CONPOSS,15,4,CONPOSS/15/4,2889026.09
CONPOSS,15,5,CONPOSS/15/5,2952355.63
CONPOSS,15,6,CONPOSS/15/6,3015685.17
CONPOSS,16,1,CONPOSS/16/1,5445504
CONPOSS,16,2,CONPOSS/16/2,5557143.86
CONPOSS,16,3,CONPOSS/16/3,5675276.58
CONPOSS,16,4,CONPOSS/16/4,5787383.75
CONPOSS,16,5,CONPOSS/16/5,5903079.5
CONPASS,1,1,CONPASS/1/1,97432.89
CONPASS,2,1,CONPASS/2/1,450621
CONPASS,2,2,CONPASS/2/2,455031.92
CONPASS,2,3,CONPASS/2/3,459442.84
CONPASS,2,4,CONPASS/2/4,463853.76
CONPASS,2,5,CONPASS/2/5,468264.68
CONPASS,2,6,CONPASS/2/6,472675.6
CONPASS,2,7,CONPASS/2/7,477086.53
CONPASS,2,8,CONPASS/2/8,481497.45
CONPASS,2,9,CONPASS/2/9,485908.37
CONPASS,2,10,CONPASS/2/10,490319.29
CONPASS,3,1,CONPASS/3/1,457818.65
CONPASS,3,2,CONPASS/3/2,463240.28
CONPASS,3,3,CONPASS/3/3,468661.91
CONPASS,3,4,CONPASS/3/4,474083.54
CONPASS,3,5,CONPASS/3/5,479505.17
CONPASS,3,6,CONPASS/3/6,484926.8
CONPASS,3,7,CONPASS/3/7,490348.43
CONPASS,3,8,CONPASS/3/8,495770.06
CONPASS,3,9,CONPASS/3/9,501191.69
CONPASS,3,10,CONPASS/3/10,506613.32
CONPASS,4,1,CONPASS/4/1,470845.9
CONPASS,4,2,CONPASS/4/2,477359.52
CONPASS,4,3,CONPASS/4/3,483873.15
CONPASS,4,4,CONPASS/4/4,490386.77
CONPASS,4,5,CONPASS/4/5,496900.4
CONPASS,4,6,CONPASS/4/6,503414.02
CONPASS,4,7,CONPASS/4/7,509927.64
CONPASS,4,8,CONPASS/4/8,516441.27
CONPASS,4,9,CONPASS/4/9,522954.89
CONPASS,4,10,CONPASS/4/10,529468.52
CONPASS,5,1,CONPASS/5/1,505895.55
CONPASS,5,2,CONPASS/5/2,513462.82
CONPASS,5,3,CONPASS/5/3,521030.1
CONPASS,5,4,CONPASS/5/4,528597.37
CONPASS,5,5,CONPASS/5/5,536164.65
CONPASS,5,6,CONPASS/5/6,543731.93
CONPASS,5,7,CONPASS/5/7,551299.2
CONPASS,5,8,CONPASS/5/8,558866.48
CONPASS,5,9,CONPASS/5/9,566433.75
CONPASS,5,10,CONPASS/5/10,574001.03
CONPASS,6,1,CONPASS/6/1,548079.96
CONPASS,6,2,CONPASS/6/2,557303.64
CONPASS,6,3,CONPASS/6/3,566527.31
CONPASS,6,4,CONPASS/6/4,575750.98
CONPASS,6,5,CONPASS/6/5,584974.65
CONPASS,6,6,CONPASS/6/6,594198.32
CONPASS,6,7,CONPASS/6/7,603422
CONPASS,6,8,CONPASS/6/8,612645.67
CONPASS,6,9,CONPASS/6/9,621869.34
CONPASS,6,10,CONPASS/6/10,631093.01
CONPASS,7,1,CONPASS/7/1,740798.57
CONPASS,7,2,CONPASS/7/2,755121.8
CONPASS,7,3,CONPASS/7/3,769445.02
CONPASS,7,4,CONPASS/7/4,783768.24
CONPASS,7,5,CONPASS/7/5,798091.47
CONPASS,7,6,CONPASS/7/6,812414.69
CONPASS,7,7,CONPASS/7/7,826737.92
CONPASS,7,8,CONPASS/7/8,841061.14
CONPASS,7,9,CONPASS/7/9,855384.37
CONPASS,7,10,CONPASS/7/10,869707.59
CONPASS,8,1,CONPASS/8/1,1363391.82
CONPASS,8,2,CONPASS/8/2,1380438.89
CONPASS,8,3,CONPASS/8/3,1397485.97
CONPASS,8,4,CONPASS/8/4,1414533.04
CONPASS,8,5,CONPASS/8/5,1431580.12
CONPASS,8,6,CONPASS/8/6,1448627.19
CONPASS,8,7,CONPASS/8/7,1465674.27
CONPASS,8,8,CONPASS/8/8,1482721.35
CONPASS,8,9,CONPASS/8/9,1499768.42
CONPASS,8,10,CONPASS/8/10,1516815.5
CONPASS,9,1,CONPASS/9/1,1440619.75
CONPASS,9,2,CONPASS/9/2,1460916.73
CONPASS,9,3,CONPASS/9/3,1481213.72
CONPASS,9,4,CONPASS/9/4,1501510.7
CONPASS,9,5,CONPASS/9/5,1521807.69
CONPASS,9,6,CONPASS/9/6,1542104.68
CONPASS,9,7,CONPASS/9/7,1562401.66
CONPASS,9,8,CONPASS/9/8,1582698.65
CONPASS,9,9,CONPASS/9/9,1602995.63
CONPASS,9,10,CONPASS/9/10,1623292.62
CONPASS,10,1,CONPASS/10/1,1552966.34
CONPASS,10,2,CONPASS/10/2,1575286.28
CONPASS,10,3,CONPASS/10/3,1597606.21
CONPASS,10,4,CONPASS/10/4,1619926.15
CONPASS,10,5,CONPASS/10/5,1642246.08
CONPASS,10,6,CONPASS/10/6,1664566.02
CONPASS,10,7,CONPASS/10/7,1686885.96
CONPASS,10,8,CONPASS/10/8,1709205.89
CONPASS,10,9,CONPASS/10/9,1731525.83
CONPASS,10,10,CONPASS/10/10,1753845.76
CONPASS,11,1,CONPASS/11/1,1677909.21
CONPASS,11,2,CONPASS/11/2,1712529.42
CONPASS,11,3,CONPASS/11/3,1747149.63
CONPASS,11,4,CONPASS/11/4,1781769.84
CONPASS,11,5,CONPASS/11/5,1816390.05
CONPASS,11,6,CONPASS/11/6,1851010.26
CONPASS,11,7,CONPASS/11/7,1885630.47
CONPASS,11,8,CONPASS/11/8,1920250.68
CONPASS,12,1,CONPASS/12/1,1776288.4
CONPASS,12,2,CONPASS/12/2,1812891.68
CONPASS,12,3,CONPASS/12/3,1849494.96
CONPASS,12,4,CONPASS/12/4,1886098.25
CONPASS,12,5,CONPASS/12/5,1922701.53
CONPASS,12,6,CONPASS/12/6,1959304.82
CONPASS,12,7,CONPASS/12/7,1995908.1
CONPASS,12,8,CONPASS/12/8,2032511.39
CONPASS,13,1,CONPASS/13/1,1879678.18
CONPASS,13,2,CONPASS/13/2,1919086.6
CONPASS,13,3,CONPASS/13/3,1958495.02
CONPASS,13,4,CONPASS/13/4,1997903.45
CONPASS,13,5,CONPASS/13/5,2037311.87
CONPASS,13,6,CONPASS/13/6,2076720.29
CONPASS,13,7,CONPASS/13/7,2116128.71
CONPASS,13,8,CONPASS/13/8,2155537.13
CONPASS,14,1,CONPASS/14/1,2483745.86
CONPASS,14,2,CONPASS/14/2,2536439.19
CONPASS,14,3,CONPASS/14/3,2589132.53
CONPASS,14,4,CONPASS/14/4,2641825.86
CONPASS,14,5,CONPASS/14/5,2694519.19
CONPASS,14,6,CONPASS/14/6,2747212.52
CONPASS,14,7,CONPASS/14/7,2799905.85
CONPASS,15,1,CONPASS/15/1,2699037.47
CONPASS,15,2,CONPASS/15/2,2762367.01
CONPASS,15,3,CONPASS/15/3,2825696.55
CONPASS,15,4,CONPASS/15/4,2889026.09
CONPASS,15,5,CONPASS/15/5,2952355.63
CONPASS,15,6,CONPASS/15/6,3015685.17
CONPASS,16,1,CONPASS/16/1,5445504
CONPASS,16,2,CONPASS/16/2,5557143.86
CONPASS,16,3,CONPASS/16/3,5675276.58
CONPASS,16,4,CONPASS/16/4,5787383.75
CONPASS,16,5,CONPASS/16/5,5903079.5
CONMESS,1,1,CONMESS/1/1,1305688
CONMESS,2,1,CONMESS/2/1,1551786.29
CONMESS,2,2,CONMESS/2/2,1590117.03
CONMESS,2,3,CONMESS/2/3,1628447.78
CONMESS,2,4,CONMESS/2/4,1666778.52
CONMESS,2,5,CONMESS/2/5,1705109.27
CONMESS,2,6,CONMESS/2/6,1743440.01
CONMESS,2,7,CONMESS/2/7,1781770.76
CONMESS,2,8,CONMESS/2/8,1820101.5
CONMESS,2,9,CONMESS/2/9,1858432.25
CONMESS,2,10,CONMESS/2/10,1896762.99
CONMESS,2,11,CONMESS/2/11,1935094.05
CONMESS,3,1,CONMESS/3/1,1845556.65
CONMESS,3,2,CONMESS/3/2,1887304.53
CONMESS,3,3,CONMESS/3/3,1929052.52
CONMESS,3,4,CONMESS/3/4,1970800.4
CONMESS,3,5,CONMESS/3/5,2012548.38
CONMESS,3,6,CONMESS/3/6,2054296.26
CONMESS,3,7,CONMESS/3/7,2096044.25
CONMESS,3,8,CONMESS/3/8,2137792.13
CONMESS,3,9,CONMESS/3/9,2179540.11
CONMESS,3,10,CONMESS/3/10,2221287.99
CONMESS,3,11,CONMESS/3/11,2263036.5
CONMESS,4,1,CONMESS/4/1,2193424.85
CONMESS,4,2,CONMESS/4/2,2251604.07
CONMESS,4,3,CONMESS/4/3,2309783.3
CONMESS,4,4,CONMESS/4/4,2367962.52
CONMESS,4,5,CONMESS/4/5,2426141.75
CONMESS,4,6,CONMESS/4/6,2484320.97
CONMESS,4,7,CONMESS/4/7,2542500.2
CONMESS,4,8,CONMESS/4/8,2600679.42
CONMESS,4,9,CONMESS/4/9,2658858.65
CONMESS,4,10,CONMESS/4/10,2717037.87
CONMESS,4,11,CONMESS/4/11,2775217.2
CONMESS,5,1,CONMESS/5/1,2775425.87
CONMESS,5,2,CONMESS/5/2,2858441.96
CONMESS,5,3,CONMESS/5/3,2941458.05
CONMESS,5,4,CONMESS/5/4,3024474.14
CONMESS,5,5,CONMESS/5/5,3107490.23
CONMESS,5,6,CONMESS/5/6,3190506.32
CONMESS,5,7,CONMESS/5/7,3273522.41
CONMESS,5,8,CONMESS/5/8,3356538.5
CONMESS,5,9,CONMESS/5/9,3439554.9
CONMESS,6,1,CONMESS/6/1,3419418.02
CONMESS,6,2,CONMESS/6/2,3517865.82
CONMESS,6,3,CONMESS/6/3,3616313.63
CONMESS,6,4,CONMESS/6/4,3714761.43
CONMESS,6,5,CONMESS/6/5,3813209.24
CONMESS,6,6,CONMESS/6/6,3911657.04
CONMESS,6,7,CONMESS/6/7,4010104.85
CONMESS,6,8,CONMESS/6/8,4108552.65
CONMESS,6,9,CONMESS/6/9,4207000.35
CONMESS,7,1,CONMESS/7/1,4222544.37
CONMESS,7,2,CONMESS/7/2,4335751.37
CONMESS,7,3,CONMESS/7/3,4448958.26
CONMESS,7,4,CONMESS/7/4,4562165.25
CONMESS,7,5,CONMESS/7/5,4675372.14
CONMESS,7,6,CONMESS/7/6,4788579.14
CONMESS,7,7,CONMESS/7/7,4901786.03
CONMESS,7,8,CONMESS/7/8,5014993.02
CONMESS,7,9,CONMESS/7/9,5128199.7
CONUASS,1,1,CONUASS/1/1,1263377.48
CONUASS,1,2,CONUASS/1/2,1300255.37
CONUASS,1,3,CONUASS/1/3,1337133.26
CONUASS,1,4,CONUASS/1/4,1374011.16
CONUASS,1,5,CONUASS/1/5,1410889.05
CONUASS,1,6,CONUASS/1/6,1447766.94
CONUASS,2,1,CONUASS/2/1,1451070.99
CONUASS,2,2,CONUASS/2/2,1494474.09
CONUASS,2,3,CONUASS/2/3,1537879.33
CONUASS,2,4,CONUASS/2/4,1581284.19
CONUASS,2,5,CONUASS/2/5,1624688.29
CONUASS,2,6,CONUASS/2/6,1668092.99
CONUASS,2,7,CONUASS/2/7,1711497.39
CONUASS,2,8,CONUASS/2/8,1754901.79
CONUASS,3,1,CONUASS/3/1,1649508.92
CONUASS,3,2,CONUASS/3/2,1696670.58
CONUASS,3,3,CONUASS/3/3,1743832.24
CONUASS,3,4,CONUASS/3/4,1790993.9
CONUASS,3,5,CONUASS/3/5,1838155.55
CONUASS,3,6,CONUASS/3/6,1885317.21
CONUASS,3,7,CONUASS/3/7,1932478.87
CONUASS,3,8,CONUASS/3/8,1979640.15
CONUASS,4,1,CONUASS/4/1,2079994.89
CONUASS,4,2,CONUASS/4/2,2155496.87
CONUASS,4,3,CONUASS/4/3,2230998.24
CONUASS,4,4,CONUASS/4/4,2306500.83
CONUASS,4,5,CONUASS/4/5,2382002.81
CONUASS,4,6,CONUASS/4/6,2457504.26
CONUASS,4,7,CONUASS/4/7,2533006.77
CONUASS,4,8,CONUASS/4/8,2608508.75
CONUASS,4,9,CONUASS/4/9,2684010.28
CONUASS,5,1,CONUASS/5/1,3091504.78
CONUASS,5,2,CONUASS/5/2,3205171.58
CONUASS,5,3,CONUASS/5/3,3318838.38
CONUASS,5,4,CONUASS/5/4,3432505.18
CONUASS,5,5,CONUASS/5/5,3546171.98
CONUASS,5,6,CONUASS/5/6,3659838.79
CONUASS,5,7,CONUASS/5/7,3773505.59
CONUASS,5,8,CONUASS/5/8,3887172.39
CONUASS,5,9,CONUASS/5/9,4000839.19
CONUASS,5,10,CONUASS/5/10,4114505.99
CONUASS,5,11,CONUASS/5/11,4228172.79
CONUASS,5,12,CONUASS/5/12,4341839.59
CONUASS,5,13,CONUASS/5/13,4455506.4
CONUASS,6,1,CONUASS/6/1,3768220.61
CONUASS,6,2,CONUASS/6/2,3905612.68
CONUASS,6,3,CONUASS/6/3,4043004.74
CONUASS,6,4,CONUASS/6/4,4180396.81
CONUASS,6,5,CONUASS/6/5,4317788.88
CONUASS,6,6,CONUASS/6/6,4455180.94
CONUASS,6,7,CONUASS/6/7,4592573.01
CONUASS,6,8,CONUASS/6/8,4729965.08
CONUASS,6,9,CONUASS/6/9,4867357.14
CONUASS,6,10,CONUASS/6/10,5004749.9
CONUASS,7,1,CONUASS/7/1,4580349
CONUASS,7,2,CONUASS/7/2,4740328
CONUASS,7,3,CONUASS/7/3,4900308
CONUASS,7,4,CONUASS/7/4,5060287
CONUASS,7,5,CONUASS/7/5,5220265
CONUASS,7,6,CONUASS/7/6,5380245
CONUASS,7,7,CONUASS/7/7,5540225
CONUASS,7,8,CONUASS/7/8,5700206
CONUASS,7,9,CONUASS/7/9,5860184
CONUASS,7,10,CONUASS/7/10,6020163
CONPCASS,1,1,CONPCASS/1/1,1073217.31
CONPCASS,1,2,CONPCASS/1/2,1110095.13
CONPCASS,1,3,CONPCASS/1/3,1146972.94
CONPCASS,1,4,CONPCASS/1/4,1183850.76
CONPCASS,1,5,CONPCASS/1/5,1220728.58
CONPCASS,1,6,CONPCASS/1/6,1257606.39
CONPCASS,1,7,CONPCASS/1/7,1294484.21
CONPCASS,1,8,CONPCASS/1/8,1331362.03
CONPCASS,1,9,CONPCASS/1/9,1368239.84
CONPCASS,1,10,CONPCASS/1/10,1405117.66
CONPCASS,1,11,CONPCASS/1/11,1441995.48
CONPCASS,1,12,CONPCASS/1/12,1478874.83
CONPCASS,1,13,CONPCASS/1/13,1515752.64
CONPCASS,1,14,CONPCASS/1/14,1552630.46
CONPCASS,1,15,CONPCASS/1/15,1589508.28
CONPCASS,2,1,CONPCASS/2/1,1247853.6
CONPCASS,2,2,CONPCASS/2/2,1291257.31
CONPCASS,2,3,CONPCASS/2/3,1334661.02
CONPCASS,2,4,CONPCASS/2/4,1378066.26
CONPCASS,2,5,CONPCASS/2/5,1421469.97
CONPCASS,2,6,CONPCASS/2/6,1464875.21
CONPCASS,2,7,CONPCASS/2/7,1508278.92
CONPCASS,2,8,CONPCASS/2/8,1551684.17
CONPCASS,2,9,CONPCASS/2/9,1595087.88
CONPCASS,2,10,CONPCASS/2/10,1638493.12
CONPCASS,2,11,CONPCASS/2/11,1681896.83
CONPCASS,2,12,CONPCASS/2/12,1725302.07
CONPCASS,2,13,CONPCASS/2/13,1768705.78
CONPCASS,2,14,CONPCASS/2/14,1812109.49
CONPCASS,2,15,CONPCASS/2/15,1855514.74
CONPCASS,3,1,CONPCASS/3/1,1449363.37
CONPCASS,3,2,CONPCASS/3/2,1496524.65
CONPCASS,3,3,CONPCASS/3/3,1543687.45
CONPCASS,3,4,CONPCASS/3/4,1590848.73
CONPCASS,3,5,CONPCASS/3/5,1638010
CONPCASS,3,6,CONPCASS/3/6,1685171.28
CONPCASS,3,7,CONPCASS/3/7,1732334.09
CONPCASS,3,8,CONPCASS/3/8,1779495.36
CONPCASS,3,9,CONPCASS/3/9,1826656.64
CONPCASS,3,10,CONPCASS/3/10,1873817.91
CONPCASS,3,11,CONPCASS/3/11,1920980.72
CONPCASS,3,12,CONPCASS/3/12,1968142
CONPCASS,3,13,CONPCASS/3/13,2015303.27
CONPCASS,3,14,CONPCASS/3/14,2062464.55
CONPCASS,3,15,CONPCASS/3/15,2109627.36
CONPCASS,4,1,CONPCASS/4/1,1632502.03
CONPCASS,4,2,CONPCASS/4/2,1703912.48
CONPCASS,4,3,CONPCASS/4/3,1775322.93
CONPCASS,4,4,CONPCASS/4/4,1846733.38
CONPCASS,4,5,CONPCASS/4/5,1918143.84
CONPCASS,4,6,CONPCASS/4/6,1989554.29
CONPCASS,4,7,CONPCASS/4/7,2060964.74
CONPCASS,4,8,CONPCASS/4/8,2132375.19
CONPCASS,4,9,CONPCASS/4/9,2203785.65
CONPCASS,4,10,CONPCASS/4/10,2275196.1
CONPCASS,4,11,CONPCASS/4/11,2346606.55
CONPCASS,5,1,CONPCASS/5/1,1823167.47
CONPCASS,5,2,CONPCASS/5/2,1898669.99
CONPCASS,5,3,CONPCASS/5/3,1974170.97
CONPCASS,5,4,CONPCASS/5/4,2049673.49
CONPCASS,5,5,CONPCASS/5/5,2125176.01
CONPCASS,5,6,CONPCASS/5/6,2200676.99
CONPCASS,5,7,CONPCASS/5/7,2276179.51
CONPCASS,5,8,CONPCASS/5/8,2351682.02
CONPCASS,5,9,CONPCASS/5/9,2427183.01
CONPCASS,5,10,CONPCASS/5/10,2502685.53
CONPCASS,5,11,CONPCASS/5/11,2578126.69
CONPCASS,6,1,CONPCASS/6/1,2014717.4
CONPCASS,6,2,CONPCASS/6/2,2095998.9
CONPCASS,6,3,CONPCASS/6/3,2177278.86
CONPCASS,6,4,CONPCASS/6/4,2258558.83
CONPCASS,6,5,CONPCASS/6/5,2339840.33
CONPCASS,6,6,CONPCASS/6/6,2421120.29
CONPCASS,6,7,CONPCASS/6/7,2502401.79
CONPCASS,6,8,CONPCASS/6/8,2583681.76
CONPCASS,6,9,CONPCASS/6/9,2664963.25
CONPCASS,6,10,CONPCASS/6/10,2746243.22
CONPCASS,6,11,CONPCASS/6/11,2827524.72
CONPCASS,7,1,CONPCASS/7/1,2723069.01
CONPCASS,7,2,CONPCASS/7/2,2836736.12
CONPCASS,7,3,CONPCASS/7/3,2950403.23
CONPCASS,7,4,CONPCASS/7/4,3064070.34
CONPCASS,7,5,CONPCASS/7/5,3177737.45
CONPCASS,7,6,CONPCASS/7/6,3291403.02
CONPCASS,7,7,CONPCASS/7/7,3405070.13
CONPCASS,7,8,CONPCASS/7/8,3518737.24
CONPCASS,7,9,CONPCASS/7/9,3632404.34
CONPCASS,8,1,CONPCASS/8/1,3352333.85
CONPCASS,8,2,CONPCASS/8/2,3489725.77
CONPCASS,8,3,CONPCASS/8/3,3627119.21
CONPCASS,8,4,CONPCASS/8/4,3764511.13
CONPCASS,8,5,CONPCASS/8/5,3901903.04
CONPCASS,8,6,CONPCASS/8/6,4039294.95
CONPCASS,8,7,CONPCASS/8/7,4176686.87
CONPCASS,8,8,CONPCASS/8/8,4314078.78
CONPCASS,8,9,CONPCASS/8/9,4451470.69
CONPCASS,9,1,CONPCASS/9/1,4116868.08
CONPCASS,9,2,CONPCASS/9/2,4276847.64
CONPCASS,9,3,CONPCASS/9/3,4436827.2
CONPCASS,9,4,CONPCASS/9/4,4595246.76
CONPCASS,9,5,CONPCASS/9/5,4756786.32
CONPCASS,9,6,CONPCASS/9/6,4916764.32
CONPCASS,9,7,CONPCASS/9/7,5076745.44
CONPCASS,9,8,CONPCASS/9/8,5236723.44
CONPCASS,9,9,CONPCASS/9/9,5396703
CONTEDISS,1,1,CONTEDISS/1/1,293051.34
CONTEDISS,1,2,CONTEDISS/1/2,301403.34
CONTEDISS,1,3,CONTEDISS/1/3,309755.33
CONTEDISS,1,4,CONTEDISS/1/4,318107.32
CONTEDISS,1,5,CONTEDISS/1/5,326459.32
CONTEDISS,1,6,CONTEDISS/1/6,334811.31
CONTEDISS,1,7,CONTEDISS/1/7,343163.3
CONTEDISS,1,8,CONTEDISS/1/8,351515.3
CONTEDISS,1,9,CONTEDISS/1/9,359867.29
CONTEDISS,1,10,CONTEDISS/1/10,368219.28
CONTEDISS,1,11,CONTEDISS/1/11,376571.28
CONTEDISS,1,12,CONTEDISS/1/12,384923.27
CONTEDISS,1,13,CONTEDISS/1/13,393275.26
CONTEDISS,1,14,CONTEDISS/1/14,401627.26
CONTEDISS,1,15,CONTEDISS/1/15,409979.25
CONTEDISS,2,1,CONTEDISS/2/1,297109.74
CONTEDISS,2,2,CONTEDISS/2/2,307375.87
CONTEDISS,2,3,CONTEDISS/2/3,317642
CONTEDISS,2,4,CONTEDISS/2/4,327908.13
CONTEDISS,2,5,CONTEDISS/2/5,338174.26
CONTEDISS,2,6,CONTEDISS/2/6,348440.38
CONTEDISS,2,7,CONTEDISS/2/7,358706.51
CONTEDISS,2,8,CONTEDISS/2/8,368972.64
CONTEDISS,2,9,CONTEDISS/2/9,379238.77
CONTEDISS,2,10,CONTEDISS/2/10,389504.89
CONTEDISS,2,11,CONTEDISS/2/11,399771.02
CONTEDISS,2,12,CONTEDISS/2/12,410037.15
CONTEDISS,2,13,CONTEDISS/2/13,420303.28
CONTEDISS,2,14,CONTEDISS/2/14,430569.4
CONTEDISS,2,15,CONTEDISS/2/15,440835.53
CONTEDISS,3,1,CONTEDISS/3/1,311442.17
CONTEDISS,3,2,CONTEDISS/3/2,323773.81
CONTEDISS,3,3,CONTEDISS/3/3,336105.45
CONTEDISS,3,4,CONTEDISS/3/4,348437.09
CONTEDISS,3,5,CONTEDISS/3/5,360768.72
CONTEDISS,3,6,CONTEDISS/3/6,373100.36
CONTEDISS,3,7,CONTEDISS/3/7,385432
CONTEDISS,3,8,CONTEDISS/3/8,397763.64
CONTEDISS,3,9,CONTEDISS/3/9,410095.28
CONTEDISS,3,10,CONTEDISS/3/10,422426.91
CONTEDISS,3,11,CONTEDISS/3/11,434758.55
CONTEDISS,3,12,CONTEDISS/3/12,447090.19
CONTEDISS,3,13,CONTEDISS/3/13,459421.83
CONTEDISS,3,14,CONTEDISS/3/14,471753.47
CONTEDISS,3,15,CONTEDISS/3/15,484085.11
CONTEDISS,4,1,CONTEDISS/4/1,353499.83
CONTEDISS,4,2,CONTEDISS/4/2,367832.26
CONTEDISS,4,3,CONTEDISS/4/3,382164.68
CONTEDISS,4,4,CONTEDISS/4/4,396497.11
CONTEDISS,4,5,CONTEDISS/4/5,410829.54
CONTEDISS,4,6,CONTEDISS/4/6,425161.96
CONTEDISS,4,7,CONTEDISS/4/7,439494.39
CONTEDISS,4,8,CONTEDISS/4/8,453826.81
CONTEDISS,4,9,CONTEDISS/4/9,468159.24
CONTEDISS,4,10,CONTEDISS/4/10,482491.67
CONTEDISS,4,11,CONTEDISS/4/11,496824.09
CONTEDISS,4,12,CONTEDISS/4/12,511156.52
CONTEDISS,4,13,CONTEDISS/4/13,525488.95
CONTEDISS,4,14,CONTEDISS/4/14,539821.37
CONTEDISS,4,15,CONTEDISS/4/15,554153.8
CONTEDISS,5,1,CONTEDISS/5/1,432015.99
CONTEDISS,5,2,CONTEDISS/5/2,449481.46
CONTEDISS,5,3,CONTEDISS/5/3,466946.93
CONTEDISS,5,4,CONTEDISS/5/4,484412.4
CONTEDISS,5,5,CONTEDISS/5/5,501877.87
CONTEDISS,5,6,CONTEDISS/5/6,519343.33
CONTEDISS,5,7,CONTEDISS/5/7,536808.8
CONTEDISS,5,8,CONTEDISS/5/8,554274.27
CONTEDISS,5,9,CONTEDISS/5/9,571739.74
CONTEDISS,5,10,CONTEDISS/5/10,589205.21
CONTEDISS,5,11,CONTEDISS/5/11,606670.68
CONTEDISS,5,12,CONTEDISS/5/12,624136.15
CONTEDISS,5,13,CONTEDISS/5/13,641601.62
CONTEDISS,5,14,CONTEDISS/5/14,659067.09
CONTEDISS,5,15,CONTEDISS/5/15,676532.55
CONTEDISS,6,1,CONTEDISS/6/1,698250.97
CONTEDISS,6,2,CONTEDISS/6/2,724281.85
CONTEDISS,6,3,CONTEDISS/6/3,750312.73
CONTEDISS,6,4,CONTEDISS/6/4,776343.6
CONTEDISS,6,5,CONTEDISS/6/5,802374.48
CONTEDISS,6,6,CONTEDISS/6/6,828405.36
CONTEDISS,6,7,CONTEDISS/6/7,854436.23
CONTEDISS,6,8,CONTEDISS/6/8,880467.11
CONTEDISS,6,9,CONTEDISS/6/9,906497.99
CONTEDISS,6,10,CONTEDISS/6/10,932528.86
CONTEDISS,6,11,CONTEDISS/6/11,958559.74
CONTEDISS,6,12,CONTEDISS/6/12,984590.62
CONTEDISS,6,13,CONTEDISS/6/13,1010621.49
CONTEDISS,6,14,CONTEDISS/6/14,1036652.37
CONTEDISS,6,15,CONTEDISS/6/15,1062683.25
CONTEDISS,7,1,CONTEDISS/7/1,1073217.31
CONTEDISS,7,2,CONTEDISS/7/2,1110095.13
CONTEDISS,7,3,CONTEDISS/7/3,1146972.94
CONTEDISS,7,4,CONTEDISS/7/4,1183850.76
CONTEDISS,7,5,CONTEDISS/7/5,1220728.58
CONTEDISS,7,6,CONTEDISS/7/6,1257606.39
CONTEDISS,7,7,CONTEDISS/7/7,1294484.21
CONTEDISS,7,8,CONTEDISS/7/8,1331362.03
CONTEDISS,7,9,CONTEDISS/7/9,1368239.84
CONTEDISS,7,10,CONTEDISS/7/10,1405117.66
CONTEDISS,7,11,CONTEDISS/7/11,1441995.48
CONTEDISS,7,12,CONTEDISS/7/12,1478874.83
CONTEDISS,7,13,CONTEDISS/7/13,1515752.64
CONTEDISS,7,14,CONTEDISS/7/14,1552630.46
CONTEDISS,7,15,CONTEDISS/7/15,1589508.28
CONTEDISS,8,1,CONTEDISS/8/1,1247853.6
CONTEDISS,8,2,CONTEDISS/8/2,1291257.31
CONTEDISS,8,3,CONTEDISS/8/3,1334661.02
CONTEDISS,8,4,CONTEDISS/8/4,1378066.26
CONTEDISS,8,5,CONTEDISS/8/5,1421469.97
CONTEDISS,8,6,CONTEDISS/8/6,1464875.21
CONTEDISS,8,7,CONTEDISS/8/7,1508278.92
CONTEDISS,8,8,CONTEDISS/8/8,1551684.17
CONTEDISS,8,9,CONTEDISS/8/9,1595087.88
CONTEDISS,8,10,CONTEDISS/8/10,1638493.12
CONTEDISS,8,11,CONTEDISS/8/11,1681896.83
CONTEDISS,8,12,CONTEDISS/8/12,1725302.07
CONTEDISS,8,13,CONTEDISS/8/13,1768705.78
CONTEDISS,8,14,CONTEDISS/8/14,1812109.49
CONTEDISS,8,15,CONTEDISS/8/15,1855514.74
CONTEDISS,9,1,CONTEDISS/9/1,1449363.37
CONTEDISS,9,2,CONTEDISS/9/2,1496524.65
CONTEDISS,9,3,CONTEDISS/9/3,1543687.45
CONTEDISS,9,4,CONTEDISS/9/4,1590848.73
CONTEDISS,9,5,CONTEDISS/9/5,1638010
CONTEDISS,9,6,CONTEDISS/9/6,1685171.28
CONTEDISS,9,7,CONTEDISS/9/7,1732334.09
CONTEDISS,9,8,CONTEDISS/9/8,1779495.36
CONTEDISS,9,9,CONTEDISS/9/9,1826656.64
CONTEDISS,9,10,CONTEDISS/9/10,1873817.91
CONTEDISS,9,11,CONTEDISS/9/11,1920980.72
CONTEDISS,9,12,CONTEDISS/9/12,1968142
CONTEDISS,9,13,CONTEDISS/9/13,2015303.27
CONTEDISS,9,14,CONTEDISS/9/14,2062464.55
CONTEDISS,9,15,CONTEDISS/9/15,2109627.36
CONTEDISS,10,1,CONTEDISS/10/1,1632502.03
CONTEDISS,10,2,CONTEDISS/10/2,1703912.48
CONTEDISS,10,3,CONTEDISS/10/3,1775322.93
CONTEDISS,10,4,CONTEDISS/10/4,1846733.38
CONTEDISS,10,5,CONTEDISS/10/5,1918143.84
CONTEDISS,10,6,CONTEDISS/10/6,1989554.29
CONTEDISS,10,7,CONTEDISS/10/7,2060964.74
CONTEDISS,10,8,CONTEDISS/10/8,2132375.19
CONTEDISS,10,9,CONTEDISS/10/9,2203785.65
CONTEDISS,10,10,CONTEDISS/10/10,2275196.1
CONTEDISS,10,11,CONTEDISS/10/11,2346606.55
CONTEDISS,11,1,CONTEDISS/11/1,1823167.47
CONTEDISS,11,2,CONTEDISS/11/2,1898669.99
CONTEDISS,11,3,CONTEDISS/11/3,1974170.97
CONTEDISS,11,4,CONTEDISS/11/4,2049673.49
CONTEDISS,11,5,CONTEDISS/11/5,2125176.01
CONTEDISS,11,6,CONTEDISS/11/6,2200676.99
CONTEDISS,11,7,CONTEDISS/11/7,2276179.51
CONTEDISS,11,8,CONTEDISS/11/8,2351682.02
CONTEDISS,11,9,CONTEDISS/11/9,2427183.01
CONTEDISS,11,10,CONTEDISS/11/10,2502685.53
CONTEDISS,11,11,CONTEDISS/11/11,2578126.69
CONTEDISS,12,1,CONTEDISS/12/1,2014717.4
CONTEDISS,12,2,CONTEDISS/12/2,2095998.9
CONTEDISS,12,3,CONTEDISS/12/3,2177278.86
CONTEDISS,12,4,CONTEDISS/12/4,2258558.83
CONTEDISS,12,5,CONTEDISS/12/5,2339840.33
CONTEDISS,12,6,CONTEDISS/12/6,2421120.29
CONTEDISS,12,7,CONTEDISS/12/7,2502401.79
CONTEDISS,12,8,CONTEDISS/12/8,2583681.76
CONTEDISS,12,9,CONTEDISS/12/9,2664963.25
CONTEDISS,12,10,CONTEDISS/12/10,2746243.22
CONTEDISS,12,11,CONTEDISS/12/11,2827524.72
CONTEDISS,13,1,CONTEDISS/13/1,2723069.01
CONTEDISS,13,2,CONTEDISS/13/2,2836736.12
CONTEDISS,13,3,CONTEDISS/13/3,2950403.23
CONTEDISS,13,4,CONTEDISS/13/4,3064070.34
CONTEDISS,13,5,CONTEDISS/13/5,3177737.45
CONTEDISS,13,6,CONTEDISS/13/6,3291403.02
CONTEDISS,13,7,CONTEDISS/13/7,3405070.13
CONTEDISS,13,8,CONTEDISS/13/8,3518737.24
CONTEDISS,13,9,CONTEDISS/13/9,3632404.34
CONTEDISS,14,1,CONTEDISS/14/1,3352333.85
CONTEDISS,14,2,CONTEDISS/14/2,3489725.77
CONTEDISS,14,3,CONTEDISS/14/3,3627119.21
CONTEDISS,14,4,CONTEDISS/14/4,3764511.13
CONTEDISS,14,5,CONTEDISS/14/5,3901903.04
CONTEDISS,14,6,CONTEDISS/14/6,4039294.95
CONTEDISS,14,7,CONTEDISS/14/7,4176686.87
CONTEDISS,14,8,CONTEDISS/14/8,4314078.78
CONTEDISS,14,9,CONTEDISS/14/9,4451470.69
CONTEDISS,15,1,CONTEDISS/15/1,4047461.91
CONTEDISS,15,2,CONTEDISS/15/2,4204744.38
CONTEDISS,15,3,CONTEDISS/15/3,4362026.84
CONTEDISS,15,4,CONTEDISS/15/4,4517775.61
CONTEDISS,15,5,CONTEDISS/15/5,4676591.78
CONTEDISS,15,6,CONTEDISS/15/6,4833872.72
CONTEDISS,15,7,CONTEDISS/15/7,4991156.72
CONTEDISS,15,8,CONTEDISS/15/8,5148437.65
CONTEDISS,15,9,CONTEDISS/15/9,5305720.12
CONPSS,1,1,CONPSS/1/1,204877.78
CONPSS,1,2,CONPSS/1/2,209346.98
CONPSS,1,3,CONPSS/1/3,213816.18
CONPSS,1,4,CONPSS/1/4,218285.39
CONPSS,1,5,CONPSS/1/5,222754.59
CONPSS,1,6,CONPSS/1/6,227223.79
CONPSS,1,7,CONPSS/1/7,231692.99
CONPSS,1,8,CONPSS/1/8,236162.19
CONPSS,1,9,CONPSS/1/9,240631.4
CONPSS,1,10,CONPSS/1/10,245100.6
CONPSS,1,11,CONPSS/1/11,249569.8
CONPSS,1,12,CONPSS/1/12,254039
CONPSS,1,13,CONPSS/1/13,258508.2
CONPSS,1,14,CONPSS/1/14,262977.4
CONPSS,1,15,CONPSS/1/15,267446.61
CONPSS,2,1,CONPSS/2/1,208205.91
CONPSS,2,2,CONPSS/2/2,214049.31
CONPSS,2,3,CONPSS/2/3,219892.7
CONPSS,2,4,CONPSS/2/4,225736.1
CONPSS,2,5,CONPSS/2/5,231579.5
CONPSS,2,6,CONPSS/2/6,237422.89
CONPSS,2,7,CONPSS/2/7,243266.29
CONPSS,2,8,CONPSS/2/8,249109.69
CONPSS,2,9,CONPSS/2/9,254953.09
CONPSS,2,10,CONPSS/2/10,260796.48
CONPSS,2,11,CONPSS/2/11,266639.88
CONPSS,2,12,CONPSS/2/12,272483.28
CONPSS,2,13,CONPSS/2/13,278326.67
CONPSS,2,14,CONPSS/2/14,284170.07
CONPSS,2,15,CONPSS/2/15,290013.47
CONPSS,3,1,CONPSS/3/1,211047.86
CONPSS,3,2,CONPSS/3/2,218230.17
CONPSS,3,3,CONPSS/3/3,225412.49
CONPSS,3,4,CONPSS/3/4,232594.81
CONPSS,3,5,CONPSS/3/5,239777.12
CONPSS,3,6,CONPSS/3/6,246959.44
CONPSS,3,7,CONPSS/3/7,254141.76
CONPSS,3,8,CONPSS/3/8,261324.08
CONPSS,3,9,CONPSS/3/9,268506.39
CONPSS,3,10,CONPSS/3/10,275688.71
CONPSS,3,11,CONPSS/3/11,282871.03
CONPSS,3,12,CONPSS/3/12,290053.34
CONPSS,3,13,CONPSS/3/13,297235.66
CONPSS,3,14,CONPSS/3/14,304417.98
CONPSS,3,15,CONPSS/3/15,311600.3
CONPSS,4,1,CONPSS/4/1,221072.12
CONPSS,4,2,CONPSS/4/2,229700.72
CONPSS,4,3,CONPSS/4/3,238329.31
CONPSS,4,4,CONPSS/4/4,246957.91
CONPSS,4,5,CONPSS/4/5,255586.5
CONPSS,4,6,CONPSS/4/6,264215.1
CONPSS,4,7,CONPSS/4/7,272843.7
CONPSS,4,8,CONPSS/4/8,281472.29
CONPSS,4,9,CONPSS/4/9,290100.89
CONPSS,4,10,CONPSS/4/10,298729.48
CONPSS,4,11,CONPSS/4/11,307358.08
CONPSS,4,12,CONPSS/4/12,315986.68
CONPSS,4,13,CONPSS/4/13,324615.27
CONPSS,4,14,CONPSS/4/14,333243.87
CONPSS,4,15,CONPSS/4/15,341872.47
CONPSS,5,1,CONPSS/5/1,250497.69
CONPSS,5,2,CONPSS/5/2,260521.95
CONPSS,5,3,CONPSS/5/3,270546.21
CONPSS,5,4,CONPSS/5/4,280570.48
CONPSS,5,5,CONPSS/5/5,290594.74
CONPSS,5,6,CONPSS/5/6,300619
CONPSS,5,7,CONPSS/5/7,310643.27
CONPSS,5,8,CONPSS/5/8,320667.53
CONPSS,5,9,CONPSS/5/9,330691.79
CONPSS,5,10,CONPSS/5/10,340716.06
CONPSS,5,11,CONPSS/5/11,350740.32
CONPSS,5,12,CONPSS/5/12,360764.58
CONPSS,5,13,CONPSS/5/13,370788.85
CONPSS,5,14,CONPSS/5/14,380813.11
CONPSS,5,15,CONPSS/5/15,390837.37
CONPSS,6,1,CONPSS/6/1,305428.69
CONPSS,6,2,CONPSS/6/2,317647.67
CONPSS,6,3,CONPSS/6/3,329866.66
CONPSS,6,4,CONPSS/6/4,342085.65
CONPSS,6,5,CONPSS/6/5,354304.64
CONPSS,6,6,CONPSS/6/6,366523.63
CONPSS,6,7,CONPSS/6/7,378742.61
CONPSS,6,8,CONPSS/6/8,390961.6
CONPSS,6,9,CONPSS/6/9,403180.59
CONPSS,6,10,CONPSS/6/10,415399.58
CONPSS,6,11,CONPSS/6/11,427618.57
CONPSS,6,12,CONPSS/6/12,439837.55
CONPSS,6,13,CONPSS/6/13,452056.54
CONPSS,6,14,CONPSS/6/14,464275.53
CONPSS,6,15,CONPSS/6/15,476494.52
CONPSS,7,1,CONPSS/7/1,507165.45
CONPSS,7,2,CONPSS/7/2,525918
CONPSS,7,3,CONPSS/7/3,544670.55
CONPSS,7,4,CONPSS/7/4,563423.1
CONPSS,7,5,CONPSS/7/5,582175.65
CONPSS,7,6,CONPSS/7/6,600928.2
CONPSS,7,7,CONPSS/7/7,619680.75
CONPSS,7,8,CONPSS/7/8,638433.3
CONPSS,7,9,CONPSS/7/9,657185.85
CONPSS,7,10,CONPSS/7/10,675938.4
CONPSS,7,11,CONPSS/7/11,694690.95
CONPSS,7,12,CONPSS/7/12,713443.5
CONPSS,7,13,CONPSS/7/13,732196.05
CONPSS,7,14,CONPSS/7/14,750948.6
CONPSS,7,15,CONPSS/7/15,769701.15
CONPSS,8,1,CONPSS/8/1,655383.75
CONPSS,8,2,CONPSS/8/2,677703.69
CONPSS,8,3,CONPSS/8/3,700023.62
CONPSS,8,4,CONPSS/8/4,722343.56
CONPSS,8,5,CONPSS/8/5,744663.5
CONPSS,8,6,CONPSS/8/6,766983.43
CONPSS,8,7,CONPSS/8/7,789303.37
CONPSS,8,8,CONPSS/8/8,811623.3
CONPSS,8,9,CONPSS/8/9,833943.24
CONPSS,8,10,CONPSS/8/10,856263.18
CONPSS,8,11,CONPSS/8/11,878583.11
CONPSS,8,12,CONPSS/8/12,900903.05
CONPSS,8,13,CONPSS/8/13,923222.98
CONPSS,8,14,CONPSS/8/14,945542.92
CONPSS,8,15,CONPSS/8/15,967862.86
CONPSS,9,1,CONPSS/9/1,769856.05
CONPSS,9,2,CONPSS/9/2,796430.47
CONPSS,9,3,CONPSS/9/3,823004.89
CONPSS,9,4,CONPSS/9/4,849579.31
CONPSS,9,5,CONPSS/9/5,876153.73
CONPSS,9,6,CONPSS/9/6,902728.15
CONPSS,9,7,CONPSS/9/7,929302.57
CONPSS,9,8,CONPSS/9/8,955876.99
CONPSS,9,9,CONPSS/9/9,982451.41
CONPSS,9,10,CONPSS/9/10,1009025.83
CONPSS,9,11,CONPSS/9/11,1035600.25
CONPSS,9,12,CONPSS/9/12,1062174.67
CONPSS,9,13,CONPSS/9/13,1088749.09
CONPSS,9,14,CONPSS/9/14,1115323.51
CONPSS,9,15,CONPSS/9/15,1141897.93
CONPSS,10,1,CONPSS/10/1,903711.25
CONPSS,10,2,CONPSS/10/2,932934.37
CONPSS,10,3,CONPSS/10/3,962157.49
CONPSS,10,4,CONPSS/10/4,991380.61
CONPSS,10,5,CONPSS/10/5,1020603.73
CONPSS,10,6,CONPSS/10/6,1049826.85
CONPSS,10,7,CONPSS/10/7,1079049.97
CONPSS,10,8,CONPSS/10/8,1108273.09
CONPSS,10,9,CONPSS/10/9,1137496.21
CONPSS,10,10,CONPSS/10/10,1166719.33
CONPSS,10,11,CONPSS/10/11,1195942.45
CONPSS,10,12,CONPSS/10/12,1225165.57
CONPSS,10,13,CONPSS/10/13,1254388.69
CONPSS,10,14,CONPSS/10/14,1283611.81
CONPSS,10,15,CONPSS/10/15,1312834.93
CONPSS,12,1,CONPSS/12/1,1042408.35
CONPSS,12,2,CONPSS/12/2,1087736.85
CONPSS,12,3,CONPSS/12/3,1133065.35
CONPSS,12,4,CONPSS/12/4,1178393.86
CONPSS,12,5,CONPSS/12/5,1223722.36
CONPSS,12,6,CONPSS/12/6,1269050.86
CONPSS,12,7,CONPSS/12/7,1314379.37
CONPSS,12,8,CONPSS/12/8,1359707.87
CONPSS,12,9,CONPSS/12/9,1405036.37
CONPSS,12,10,CONPSS/12/10,1450364.88
CONPSS,12,11,CONPSS/12/11,1495693.38
CONPSS,13,1,CONPSS/13/1,1163432.61
CONPSS,13,2,CONPSS/13/2,1211354.6
CONPSS,13,3,CONPSS/13/3,1259276.59
CONPSS,13,4,CONPSS/13/4,1307198.58
CONPSS,13,5,CONPSS/13/5,1355120.57
CONPSS,13,6,CONPSS/13/6,1403042.56
CONPSS,13,7,CONPSS/13/7,1450964.55
CONPSS,13,8,CONPSS/13/8,1498886.54
CONPSS,13,9,CONPSS/13/9,1546808.53
CONPSS,13,10,CONPSS/13/10,1594730.52
CONPSS,13,11,CONPSS/13/11,1642652.51
CONPSS,14,1,CONPSS/14/1,1285018.21
CONPSS,14,2,CONPSS/14/2,1336608.81
CONPSS,14,3,CONPSS/14/3,1388199.41
CONPSS,14,4,CONPSS/14/4,1439790.02
CONPSS,14,5,CONPSS/14/5,1491380.62
CONPSS,14,6,CONPSS/14/6,1542971.22
CONPSS,14,7,CONPSS/14/7,1594561.82
CONPSS,14,8,CONPSS/14/8,1646152.42
CONPSS,14,9,CONPSS/14/9,1697743.02
CONPSS,14,10,CONPSS/14/10,1749333.62
CONPSS,14,11,CONPSS/14/11,1800924.22
CONPSS,15,1,CONPSS/15/1,1767816.24
CONPSS,15,2,CONPSS/15/2,1840881.71
CONPSS,15,3,CONPSS/15/3,1913947.17
CONPSS,15,4,CONPSS/15/4,1987012.64
CONPSS,15,5,CONPSS/15/5,2060078.11
CONPSS,15,6,CONPSS/15/6,2133143.58
CONPSS,15,7,CONPSS/15/7,2206209.05
CONPSS,15,8,CONPSS/15/8,2279274.51
CONPSS,15,9,CONPSS/15/9,2352339.98
CONPSS,16,1,CONPSS/16/1,2186876.76
CONPSS,16,2,CONPSS/16/2,2274688.75
CONPSS,16,3,CONPSS/16/3,2362500.74
CONPSS,16,4,CONPSS/16/4,2450312.74
CONPSS,16,5,CONPSS/16/5,2538124.73
CONPSS,16,6,CONPSS/16/6,2625936.72
CONPSS,16,7,CONPSS/16/7,2713748.72
CONPSS,16,8,CONPSS/16/8,2801560.71
CONPSS,16,9,CONPSS/16/9,2889372.71
CONPSS,17,1,CONPSS/17/1,4172800
CONPSS,17,2,CONPSS/17/2,4331367
CONPSS,17,3,CONPSS/17/3,4489934
CONPSS,17,4,CONPSS/17/4,4648501
CONPSS,17,5,CONPSS/17/5,4807068
CONPSS,17,6,CONPSS/17/6,4965635
CONPSS,17,7,CONPSS/17/7,5124202
CONPSS,17,8,CONPSS/17/8,5282769
CONPSS,17,9,CONPSS/17/9,5441336
CONHESS,1,1,CONHESS/1/1,257069.77
CONHESS,1,2,CONHESS/1/2,264380.92
CONHESS,1,3,CONHESS/1/3,271692.07
CONHESS,1,4,CONHESS/1/4,279003.23
CONHESS,1,5,CONHESS/1/5,286314.38
CONHESS,1,6,CONHESS/1/6,293625.53
CONHESS,1,7,CONHESS/1/7,300936.68
CONHESS,1,8,CONHESS/1/8,308247.84
CONHESS,1,9,CONHESS/1/9,315558.99
CONHESS,1,10,CONHESS/1/10,322870.14
CONHESS,1,11,CONHESS/1/11,330181.29
CONHESS,1,12,CONHESS/1/12,337492.45
CONHESS,1,13,CONHESS/1/13,344803.6
CONHESS,1,14,CONHESS/1/14,352114.75
CONHESS,1,15,CONHESS/1/15,359425.9
CONHESS,2,1,CONHESS/2/1,260622.64
CONHESS,2,2,CONHESS/2/2,269609.43
CONHESS,2,3,CONHESS/2/3,278596.23
CONHESS,2,4,CONHESS/2/4,287583.02
CONHESS,2,5,CONHESS/2/5,296569.82
CONHESS,2,6,CONHESS/2/6,305556.61
CONHESS,2,7,CONHESS/2/7,314543.41
CONHESS,2,8,CONHESS/2/8,323530.2
CONHESS,2,9,CONHESS/2/9,332517
CONHESS,2,10,CONHESS/2/10,341503.79
CONHESS,2,11,CONHESS/2/11,350490.59
CONHESS,2,12,CONHESS/2/12,359477.38
CONHESS,2,13,CONHESS/2/13,368464.18
CONHESS,2,14,CONHESS/2/14,377450.97
CONHESS,2,15,CONHESS/2/15,386437.77
CONHESS,3,1,CONHESS/3/1,273169.19
CONHESS,3,2,CONHESS/3/2,283964.12
CONHESS,3,3,CONHESS/3/3,294759.05
CONHESS,3,4,CONHESS/3/4,305553.98
CONHESS,3,5,CONHESS/3/5,316348.92
CONHESS,3,6,CONHESS/3/6,327143.85
CONHESS,3,7,CONHESS/3/7,337938.78
CONHESS,3,8,CONHESS/3/8,348733.71
CONHESS,3,9,CONHESS/3/9,359528.65
CONHESS,3,10,CONHESS/3/10,370323.58
CONHESS,3,11,CONHESS/3/11,381118.51
CONHESS,3,12,CONHESS/3/12,391913.44
CONHESS,3,13,CONHESS/3/13,402708.38
CONHESS,3,14,CONHESS/3/14,413503.31
CONHESS,3,15,CONHESS/3/15,424298.24
CONHESS,4,1,CONHESS/4/1,309986.1
CONHESS,4,2,CONHESS/4/2,322532.65
CONHESS,4,3,CONHESS/4/3,335079.2
CONHESS,4,4,CONHESS/4/4,347625.75
CONHESS,4,5,CONHESS/4/5,360172.3
CONHESS,4,6,CONHESS/4/6,372718.85
CONHESS,4,7,CONHESS/4/7,385265.4
CONHESS,4,8,CONHESS/4/8,397811.95
CONHESS,4,9,CONHESS/4/9,410358.5
CONHESS,4,10,CONHESS/4/10,422905.05
CONHESS,4,11,CONHESS/4/11,435451.6
CONHESS,4,12,CONHESS/4/12,447998.15
CONHESS,4,13,CONHESS/4/13,460544.7
CONHESS,4,14,CONHESS/4/14,473091.25
CONHESS,4,15,CONHESS/4/15,485637.8
CONHESS,5,1,CONHESS/5/1,378718.83
CONHESS,5,2,CONHESS/5/2,394007.87
CONHESS,5,3,CONHESS/5/3,409296.91
CONHESS,5,4,CONHESS/5/4,424585.95
CONHESS,5,5,CONHESS/5/5,439874.99
CONHESS,5,6,CONHESS/5/6,455164.03
CONHESS,5,7,CONHESS/5/7,470453.07
CONHESS,5,8,CONHESS/5/8,485742.11
CONHESS,5,9,CONHESS/5/9,501031.15
CONHESS,5,10,CONHESS/5/10,516320.19
CONHESS,5,11,CONHESS/5/11,531609.23
CONHESS,5,12,CONHESS/5/12,546898.27
CONHESS,5,13,CONHESS/5/13,562187.31
CONHESS,5,14,CONHESS/5/14,577476.35
CONHESS,5,15,CONHESS/5/15,592765.39
CONHESS,6,1,CONHESS/6/1,612255.9
CONHESS,6,2,CONHESS/6/2,635053.26
CONHESS,6,3,CONHESS/6/3,657850.62
CONHESS,6,4,CONHESS/6/4,680647.98
CONHESS,6,5,CONHESS/6/5,703445.34
CONHESS,6,6,CONHESS/6/6,726242.7
CONHESS,6,7,CONHESS/6/7,749040.06
CONHESS,6,8,CONHESS/6/8,771837.42
CONHESS,6,9,CONHESS/6/9,794634.78
CONHESS,6,10,CONHESS/6/10,817432.14
CONHESS,6,11,CONHESS/6/11,840229.5
CONHESS,6,12,CONHESS/6/12,863026.86
CONHESS,6,13,CONHESS/6/13,885824.22
CONHESS,6,14,CONHESS/6/14,908621.58
CONHESS,6,15,CONHESS/6/15,931418.94
CONHESS,7,1,CONHESS/7/1,949119.42
CONHESS,7,2,CONHESS/7/2,981711.59
CONHESS,7,3,CONHESS/7/3,1014303.76
CONHESS,7,4,CONHESS/7/4,1046895.93
CONHESS,7,5,CONHESS/7/5,1079488.11
CONHESS,7,6,CONHESS/7/6,1112080.28
CONHESS,7,7,CONHESS/7/7,1144672.45
CONHESS,7,8,CONHESS/7/8,1177264.62
CONHESS,7,9,CONHESS/7/9,1209856.8
CONHESS,7,10,CONHESS/7/10,1242448.97
CONHESS,7,11,CONHESS/7/11,1275041.14
CONHESS,7,12,CONHESS/7/12,1307633.31
CONHESS,7,13,CONHESS/7/13,1340225.49
CONHESS,7,14,CONHESS/7/14,1372817.66
CONHESS,7,15,CONHESS/7/15,1405409.83
CONHESS,8,1,CONHESS/8/1,1102850.02
CONHESS,8,2,CONHESS/8/2,1141188.71
CONHESS,8,3,CONHESS/8/3,1179527.4
CONHESS,8,4,CONHESS/8/4,1217866.09
CONHESS,8,5,CONHESS/8/5,1256204.79
CONHESS,8,6,CONHESS/8/6,1294543.48
CONHESS,8,7,CONHESS/8/7,1332882.17
CONHESS,8,8,CONHESS/8/8,1371220.86
CONHESS,8,9,CONHESS/8/9,1409559.56
CONHESS,8,10,CONHESS/8/10,1447898.25
CONHESS,8,11,CONHESS/8/11,1486236.94
CONHESS,8,12,CONHESS/8/12,1524575.63
CONHESS,8,13,CONHESS/8/13,1562914.33
CONHESS,8,14,CONHESS/8/14,1601253.02
CONHESS,8,15,CONHESS/8/15,1639591.71
CONHESS,9,1,CONHESS/9/1,1305688
CONHESS,9,2,CONHESS/9/2,1342232.08
CONHESS,9,3,CONHESS/9/3,1384509.77
CONHESS,9,4,CONHESS/9/4,1426787.47
CONHESS,9,5,CONHESS/9/5,1469065.17
CONHESS,9,6,CONHESS/9/6,1511342.86
CONHESS,9,7,CONHESS/9/7,1553620.56
CONHESS,9,8,CONHESS/9/8,1595898.26
CONHESS,9,9,CONHESS/9/9,1638175.96
CONHESS,9,10,CONHESS/9/10,1680453.65
CONHESS,9,11,CONHESS/9/11,1722731.35
CONHESS,9,12,CONHESS/9/12,1765009.05
CONHESS,9,13,CONHESS/9/13,1807286.74
CONHESS,9,14,CONHESS/9/14,1849564.44
CONHESS,9,15,CONHESS/9/15,1891842.14
CONHESS,10,1,CONHESS/10/1,1551786.29
CONHESS,10,2,CONHESS/10/2,1590117.03
CONHESS,10,3,CONHESS/10/3,1628447.78
CONHESS,10,4,CONHESS/10/4,1666778.52
CONHESS,10,5,CONHESS/10/5,1705109.27
CONHESS,10,6,CONHESS/10/6,1743440.01
CONHESS,10,7,CONHESS/10/7,1781770.76
CONHESS,10,8,CONHESS/10/8,1820101.5
CONHESS,10,9,CONHESS/10/9,1858432.25
CONHESS,10,10,CONHESS/10/10,1896762.99
CONHESS,10,11,CONHESS/10/11,1935094.05
CONHESS,11,1,CONHESS/11/1,1845556.65
CONHESS,11,2,CONHESS/11/2,1887304.53
CONHESS,11,3,CONHESS/11/3,1929052.52
CONHESS,11,4,CONHESS/11/4,1970800.4
CONHESS,11,5,CONHESS/11/5,2012548.38
CONHESS,11,6,CONHESS/11/6,2054296.26
CONHESS,11,7,CONHESS/11/7,2096044.25
CONHESS,11,8,CONHESS/11/8,2137792.13
CONHESS,11,9,CONHESS/11/9,2179540.11
CONHESS,11,10,CONHESS/11/10,2221287.99
CONHESS,11,11,CONHESS/11/11,2263036.5
CONHESS,12,1,CONHESS/12/1,2193424.85
CONHESS,12,2,CONHESS/12/2,2251604.07
CONHESS,12,3,CONHESS/12/3,2309783.3
CONHESS,12,4,CONHESS/12/4,2367962.52
CONHESS,12,5,CONHESS/12/5,2426141.75
CONHESS,12,6,CONHESS/12/6,2484320.97
CONHESS,12,7,CONHESS/12/7,2542500.2
CONHESS,12,8,CONHESS/12/8,2600679.42
CONHESS,12,9,CONHESS/12/9,2658858.65
CONHESS,12,10,CONHESS/12/10,2717037.87
CONHESS,12,11,CONHESS/12/11,2775217.2
CONHESS,13,1,CONHESS/13/1,2775425.87
CONHESS,13,2,CONHESS/13/2,2858441.96
CONHESS,13,3,CONHESS/13/3,2941458.05
CONHESS,13,4,CONHESS/13/4,3024474.14
CONHESS,13,5,CONHESS/13/5,3107490.23
CONHESS,13,6,CONHESS/13/6,3190506.32
CONHESS,13,7,CONHESS/13/7,3273522.41
CONHESS,13,8,CONHESS/13/8,3356538.5
CONHESS,13,9,CONHESS/13/9,3439554.9
CONHESS,14,1,CONHESS/14/1,3419418.02
CONHESS,14,2,CONHESS/14/2,3517865.82
CONHESS,14,3,CONHESS/14/3,3616313.63
CONHESS,14,4,CONHESS/14/4,3714761.43
CONHESS,14,5,CONHESS/14/5,3813209.24
CONHESS,14,6,CONHESS/14/6,3911657.04
CONHESS,14,7,CONHESS/14/7,4010104.85
CONHESS,14,8,CONHESS/14/8,4108552.65
CONHESS,14,9,CONHESS/14/9,4207000.35
CONHESS,15,1,CONHESS/15/1,4222544.37
CONHESS,15,2,CONHESS/15/2,4335751.37
CONHESS,15,3,CONHESS/15/3,4448958.26
CONHESS,15,4,CONHESS/15/4,4562165.25
CONHESS,15,5,CONHESS/15/5,4675372.14
CONHESS,15,6,CONHESS/15/6,4788579.14
CONHESS,15,7,CONHESS/15/7,4901786.03
CONHESS,15,8,CONHESS/15/8,5014993.02
CONHESS,15,9,CONHESS/15/9,5128199.7
CONTISS,1,1,CONTISS/1/1,293050.19
CONTISS,1,2,CONTISS/1/2,301404.26
CONTISS,1,3,CONTISS/1/3,309755.33
CONTISS,1,4,CONTISS/1/4,318107.78
CONTISS,1,5,CONTISS/1/5,326460.31
CONTISS,1,6,CONTISS/1/6,334811.31
CONTISS,1,7,CONTISS/1/7,343162.31
CONTISS,1,8,CONTISS/1/8,351515.3
CONTISS,1,9,CONTISS/1/9,359867.29
CONTISS,1,10,CONTISS/1/10,368218.36
CONTISS,1,11,CONTISS/1/11,376571.28
CONTISS,1,12,CONTISS/1/12,384923.27
CONTISS,1,13,CONTISS/1/13,393274.42
CONTISS,1,14,CONTISS/1/14,401627.26
CONTISS,1,15,CONTISS/1/15,409977.95
CONTISS,2,1,CONTISS/2/1,297109.9
CONTISS,2,2,CONTISS/2/2,307376.49
CONTISS,2,3,CONTISS/2/3,317641.54
CONTISS,2,4,CONTISS/2/4,327908.13
CONTISS,2,5,CONTISS/2/5,338174.72
CONTISS,2,6,CONTISS/2/6,348439.77
CONTISS,2,7,CONTISS/2/7,358706.36
CONTISS,2,8,CONTISS/2/8,368972.94
CONTISS,2,9,CONTISS/2/9,379239.53
CONTISS,2,10,CONTISS/2/10,389504.59
CONTISS,2,11,CONTISS/2/11,399771.02
CONTISS,2,12,CONTISS/2/12,410037.76
CONTISS,2,13,CONTISS/2/13,420303.28
CONTISS,2,14,CONTISS/2/14,430569.4
CONTISS,2,15,CONTISS/2/15,440835.53
CONTISS,3,1,CONTISS/3/1,311442.32
CONTISS,3,2,CONTISS/3/2,323773.27
CONTISS,3,3,CONTISS/3/3,336105.75
CONTISS,3,4,CONTISS/3/4,348437.09
CONTISS,3,5,CONTISS/3/5,360768.72
CONTISS,3,6,CONTISS/3/6,373100.36
CONTISS,3,7,CONTISS/3/7,385432
CONTISS,3,8,CONTISS/3/8,397763.64
CONTISS,3,9,CONTISS/3/9,410096.04
CONTISS,3,10,CONTISS/3/10,422426.91
CONTISS,3,11,CONTISS/3/11,434758.55
CONTISS,3,12,CONTISS/3/12,447090.42
CONTISS,3,13,CONTISS/3/13,459421.83
CONTISS,3,14,CONTISS/3/14,471752.32
CONTISS,3,15,CONTISS/3/15,484085.11
CONTISS,4,1,CONTISS/4/1,353499.83
CONTISS,4,2,CONTISS/4/2,367832.26
CONTISS,4,3,CONTISS/4/3,382164.68
CONTISS,4,4,CONTISS/4/4,396497.11
CONTISS,4,5,CONTISS/4/5,410829.54
CONTISS,4,6,CONTISS/4/6,425161.96
CONTISS,4,7,CONTISS/4/7,439494.39
CONTISS,4,8,CONTISS/4/8,453826.81
CONTISS,4,9,CONTISS/4/9,468159.24
CONTISS,4,10,CONTISS/4/10,482491.67
CONTISS,4,11,CONTISS/4/11,496824.09
CONTISS,4,12,CONTISS/4/12,511156.52
CONTISS,4,13,CONTISS/4/13,525488.95
CONTISS,4,14,CONTISS/4/14,539821.37
CONTISS,4,15,CONTISS/4/15,554153.8
CONTISS,5,1,CONTISS/5/1,432015.99
CONTISS,5,2,CONTISS/5/2,449481.46
CONTISS,5,3,CONTISS/5/3,466946.93
CONTISS,5,4,CONTISS/5/4,484412.4
CONTISS,5,5,CONTISS/5/5,501877.87
CONTISS,5,6,CONTISS/5/6,519343.33
CONTISS,5,7,CONTISS/5/7,536808.8
CONTISS,5,8,CONTISS/5/8,554274.27
CONTISS,5,9,CONTISS/5/9,571739.74
CONTISS,5,10,CONTISS/5/10,589205.21
CONTISS,5,11,CONTISS/5/11,606670.68
CONTISS,5,12,CONTISS/5/12,624136.15
CONTISS,5,13,CONTISS/5/13,641601.62
CONTISS,5,14,CONTISS/5/14,659067.09
CONTISS,5,15,CONTISS/5/15,676532.55
CONTISS,6,1,CONTISS/6/1,698250.97
CONTISS,6,2,CONTISS/6/2,724281.85
CONTISS,6,3,CONTISS/6/3,750312.73
CONTISS,6,4,CONTISS/6/4,776343.6
CONTISS,6,5,CONTISS/6/5,802374.48
CONTISS,6,6,CONTISS/6/6,828405.36
CONTISS,6,7,CONTISS/6/7,854436.23
CONTISS,6,8,CONTISS/6/8,880467.11
CONTISS,6,9,CONTISS/6/9,906497.99
CONTISS,6,10,CONTISS/6/10,932528.86
CONTISS,6,11,CONTISS/6/11,958559.74
CONTISS,6,12,CONTISS/6/12,984590.62
CONTISS,6,13,CONTISS/6/13,1010621.49
CONTISS,6,14,CONTISS/6/14,1036652.37
CONTISS,6,15,CONTISS/6/15,1062683.25
CONTISS,7,1,CONTISS/7/1,1073217.31
CONTISS,7,2,CONTISS/7/2,1110095.13
CONTISS,7,3,CONTISS/7/3,1146972.94
CONTISS,7,4,CONTISS/7/4,1183850.76
CONTISS,7,5,CONTISS/7/5,1220728.58
CONTISS,7,6,CONTISS/7/6,1257606.39
CONTISS,7,7,CONTISS/7/7,1294484.21
CONTISS,7,8,CONTISS/7/8,1331362.03
CONTISS,7,9,CONTISS/7/9,1368239.84
CONTISS,7,10,CONTISS/7/10,1405117.66
CONTISS,7,11,CONTISS/7/11,1441995.48
CONTISS,7,12,CONTISS/7/12,1478874.83
CONTISS,7,13,CONTISS/7/13,1515752.64
CONTISS,7,14,CONTISS/7/14,1552630.46
CONTISS,7,15,CONTISS/7/15,1589508.28
CONTISS,8,1,CONTISS/8/1,1247853.6
CONTISS,8,2,CONTISS/8/2,1291257.31
CONTISS,8,3,CONTISS/8/3,1334661.02
CONTISS,8,4,CONTISS/8/4,1378066.26
CONTISS,8,5,CONTISS/8/5,1421469.97
CONTISS,8,6,CONTISS/8/6,1464875.21
CONTISS,8,7,CONTISS/8/7,1508278.92
CONTISS,8,8,CONTISS/8/8,1551684.17
CONTISS,8,9,CONTISS/8/9,1595087.88
CONTISS,8,10,CONTISS/8/10,1638493.12
CONTISS,8,11,CONTISS/8/11,1681896.83
CONTISS,8,12,CONTISS/8/12,1725302.07
CONTISS,8,13,CONTISS/8/13,1768705.78
CONTISS,8,14,CONTISS/8/14,1812109.49
CONTISS,8,15,CONTISS/8/15,1855514.74
CONTISS,9,1,CONTISS/9/1,1449363.37
CONTISS,9,2,CONTISS/9/2,1496524.65
CONTISS,9,3,CONTISS/9/3,1543687.45
CONTISS,9,4,CONTISS/9/4,1590848.73
CONTISS,9,5,CONTISS/9/5,1638010
CONTISS,9,6,CONTISS/9/6,1685171.28
CONTISS,9,7,CONTISS/9/7,1732334.09
CONTISS,9,8,CONTISS/9/8,1779495.36
CONTISS,9,9,CONTISS/9/9,1826656.64
CONTISS,9,10,CONTISS/9/10,1873817.91
CONTISS,9,11,CONTISS/9/11,1920980.72
CONTISS,9,12,CONTISS/9/12,1968142
CONTISS,9,13,CONTISS/9/13,2015303.27
CONTISS,9,14,CONTISS/9/14,2062464.55
CONTISS,9,15,CONTISS/9/15,2109627.36
CONTISS,10,1,CONTISS/10/1,1632502.03
CONTISS,10,2,CONTISS/10/2,1703912.48
CONTISS,10,3,CONTISS/10/3,1775322.93
CONTISS,10,4,CONTISS/10/4,1846733.38
CONTISS,10,5,CONTISS/10/5,1918143.84
CONTISS,10,6,CONTISS/10/6,1989554.29
CONTISS,10,7,CONTISS/10/7,2060964.74
CONTISS,10,8,CONTISS/10/8,2132375.19
CONTISS,10,9,CONTISS/10/9,2203785.65
CONTISS,10,10,CONTISS/10/10,2275196.1
CONTISS,10,11,CONTISS/10/11,2346606.55
CONTISS,11,1,CONTISS/11/1,1823167.47
CONTISS,11,2,CONTISS/11/2,1898669.99
CONTISS,11,3,CONTISS/11/3,1974170.97
CONTISS,11,4,CONTISS/11/4,2049673.49
CONTISS,11,5,CONTISS/11/5,2125176.01
CONTISS,11,6,CONTISS/11/6,2200676.99
CONTISS,11,7,CONTISS/11/7,2276179.51
CONTISS,11,8,CONTISS/11/8,2351682.02
CONTISS,11,9,CONTISS/11/9,2427183.01
CONTISS,11,10,CONTISS/11/10,2502685.53
CONTISS,11,11,CONTISS/11/11,2578126.69
CONTISS,12,1,CONTISS/12/1,2014717.4
CONTISS,12,2,CONTISS/12/2,2095998.9
CONTISS,12,3,CONTISS/12/3,2177278.86
CONTISS,12,4,CONTISS/12/4,2258558.83
CONTISS,12,5,CONTISS/12/5,2339840.33
CONTISS,12,6,CONTISS/12/6,2421120.29
CONTISS,12,7,CONTISS/12/7,2502401.79
CONTISS,12,8,CONTISS/12/8,2583681.76
CONTISS,12,9,CONTISS/12/9,2664963.25
CONTISS,12,10,CONTISS/12/10,2746243.22
CONTISS,12,11,CONTISS/12/11,2827524.72
CONTISS,13,1,CONTISS/13/1,2723069.01
CONTISS,13,2,CONTISS/13/2,2836736.12
CONTISS,13,3,CONTISS/13/3,2950403.23
CONTISS,13,4,CONTISS/13/4,3064070.34
CONTISS,13,5,CONTISS/13/5,3177737.45
CONTISS,13,6,CONTISS/13/6,3291403.02
CONTISS,13,7,CONTISS/13/7,3405070.13
CONTISS,13,8,CONTISS/13/8,3518737.24
CONTISS,13,9,CONTISS/13/9,3632404.34
CONTISS,14,1,CONTISS/14/1,3352333.85
CONTISS,14,2,CONTISS/14/2,3489725.77
CONTISS,14,3,CONTISS/14/3,3627119.21
CONTISS,14,4,CONTISS/14/4,3764511.13
CONTISS,14,5,CONTISS/14/5,3901903.04
CONTISS,14,6,CONTISS/14/6,4039294.95
CONTISS,14,7,CONTISS/14/7,4176686.87
CONTISS,14,8,CONTISS/14/8,4314078.78
CONTISS,14,9,CONTISS/14/9,4451470.69
CONTISS,15,1,CONTISS/15/1,4047461.91
CONTISS,15,2,CONTISS/15/2,4204744.38
CONTISS,15,3,CONTISS/15/3,4362026.84
CONTISS,15,4,CONTISS/15/4,4517775.61
CONTISS,15,5,CONTISS/15/5,4676591.78
CONTISS,15,6,CONTISS/15/6,4833872.72
CONTISS,15,7,CONTISS/15/7,4991156.72
CONTISS,15,8,CONTISS/15/8,5148437.65
CONTISS,15,9,CONTISS/15/9,5305720.12
CONRAISS,1,1,CONRAISS/1/1,293050.34
CONRAISS,1,2,CONRAISS/1/2,301404
CONRAISS,1,3,CONRAISS/1/3,309755.33
CONRAISS,1,4,CONRAISS/1/4,318108
CONRAISS,1,5,CONRAISS/1/5,326460
CONRAISS,1,6,CONRAISS/1/6,334811.31
CONRAISS,1,7,CONRAISS/1/7,343162
CONRAISS,1,8,CONRAISS/1/8,351515.3
CONRAISS,1,9,CONRAISS/1/9,359867.29
CONRAISS,1,10,CONRAISS/1/10,368218
CONRAISS,1,11,CONRAISS/1/11,376571.28
CONRAISS,1,12,CONRAISS/1/12,384923.27
CONRAISS,1,13,CONRAISS/1/13,393274
CONRAISS,1,14,CONRAISS/1/14,401627.26
CONRAISS,1,15,CONRAISS/1/15,409978
CONRAISS,2,1,CONRAISS/2/1,297109.74
CONRAISS,2,2,CONRAISS/2/2,307375.87
CONRAISS,2,3,CONRAISS/2/3,317642
CONRAISS,2,4,CONRAISS/2/4,327908.13
CONRAISS,2,5,CONRAISS/2/5,338175
CONRAISS,2,6,CONRAISS/2/6,348440.38
CONRAISS,2,7,CONRAISS/2/7,358706
CONRAISS,2,8,CONRAISS/2/8,368972.64
CONRAISS,2,9,CONRAISS/2/9,379240
CONRAISS,2,10,CONRAISS/2/10,389504.89
CONRAISS,2,11,CONRAISS/2/11,399771.02
CONRAISS,2,12,CONRAISS/2/12,410038
CONRAISS,2,13,CONRAISS/2/13,420303.28
CONRAISS,2,14,CONRAISS/2/14,430569.4
CONRAISS,2,15,CONRAISS/2/15,440835.53
CONRAISS,3,1,CONRAISS/3/1,311442.17
CONRAISS,3,2,CONRAISS/3/2,323773
CONRAISS,3,3,CONRAISS/3/3,336106
CONRAISS,3,4,CONRAISS/3/4,348437.09
CONRAISS,3,5,CONRAISS/3/5,360768.72
CONRAISS,3,6,CONRAISS/3/6,373100.36
CONRAISS,3,7,CONRAISS/3/7,385432
CONRAISS,3,8,CONRAISS/3/8,397763.64
CONRAISS,3,9,CONRAISS/3/9,410096
CONRAISS,3,10,CONRAISS/3/10,422426.91
CONRAISS,3,11,CONRAISS/3/11,434758.55
CONRAISS,3,12,CONRAISS/3/12,447090.19
CONRAISS,3,13,CONRAISS/3/13,459421.83
CONRAISS,3,14,CONRAISS/3/14,471752
CONRAISS,3,15,CONRAISS/3/15,484085.11
CONRAISS,4,1,CONRAISS/4/1,353499.83
CONRAISS,4,2,CONRAISS/4/2,367832.26
CONRAISS,4,3,CONRAISS/4/3,382164.68
CONRAISS,4,4,CONRAISS/4/4,396497.11
CONRAISS,4,5,CONRAISS/4/5,410829.54
CONRAISS,4,6,CONRAISS/4/6,425161.96
CONRAISS,4,7,CONRAISS/4/7,439494.39
CONRAISS,4,8,CONRAISS/4/8,453826.81
CONRAISS,4,9,CONRAISS/4/9,468159.24
CONRAISS,4,10,CONRAISS/4/10,482491.67
CONRAISS,4,11,CONRAISS/4/11,496824.09
CONRAISS,4,12,CONRAISS/4/12,511156.52
CONRAISS,4,13,CONRAISS/4/13,525488.95
CONRAISS,4,14,CONRAISS/4/14,539821.37
CONRAISS,4,15,CONRAISS/4/15,554153.8
CONRAISS,5,1,CONRAISS/5/1,432015.99
CONRAISS,5,2,CONRAISS/5/2,449481.46
CONRAISS,5,3,CONRAISS/5/3,466946.93
CONRAISS,5,4,CONRAISS/5/4,484412.4
CONRAISS,5,5,CONRAISS/5/5,501877.87
CONRAISS,5,6,CONRAISS/5/6,519343.33
CONRAISS,5,7,CONRAISS/5/7,536808.8
CONRAISS,5,8,CONRAISS/5/8,554274.27
CONRAISS,5,9,CONRAISS/5/9,571739.74
CONRAISS,5,10,CONRAISS/5/10,589205.21
CONRAISS,5,11,CONRAISS/5/11,606670.68
CONRAISS,5,12,CONRAISS/5/12,624136.15
CONRAISS,5,13,CONRAISS/5/13,641601.62
CONRAISS,5,14,CONRAISS/5/14,659067.09
CONRAISS,5,15,CONRAISS/5/15,676532.55
CONRAISS,6,1,CONRAISS/6/1,698250.97
CONRAISS,6,2,CONRAISS/6/2,724281.85
CONRAISS,6,3,CONRAISS/6/3,750312.73
CONRAISS,6,4,CONRAISS/6/4,776343.6
CONRAISS,6,5,CONRAISS/6/5,802374.48
CONRAISS,6,6,CONRAISS/6/6,828405.36
CONRAISS,6,7,CONRAISS/6/7,854436.23
CONRAISS,6,8,CONRAISS/6/8,880467.11
CONRAISS,6,9,CONRAISS/6/9,906497.99
CONRAISS,6,10,CONRAISS/6/10,932528.86
CONRAISS,6,11,CONRAISS/6/11,958559.74
CONRAISS,6,12,CONRAISS/6/12,984590.62
CONRAISS,6,13,CONRAISS/6/13,1010621.49
CONRAISS,6,14,CONRAISS/6/14,1036652.37
CONRAISS,6,15,CONRAISS/6/15,1062683.25
CONRAISS,7,1,CONRAISS/7/1,1073217.31
CONRAISS,7,2,CONRAISS/7/2,1110095.13
CONRAISS,7,3,CONRAISS/7/3,1146972.94
CONRAISS,7,4,CONRAISS/7/4,1183850.76
CONRAISS,7,5,CONRAISS/7/5,1220728.58
CONRAISS,7,6,CONRAISS/7/6,1257606.39
CONRAISS,7,7,CONRAISS/7/7,1294484.21
CONRAISS,7,8,CONRAISS/7/8,1331362.03
CONRAISS,7,9,CONRAISS/7/9,1368239.84
CONRAISS,7,10,CONRAISS/7/10,1405117.66
CONRAISS,7,11,CONRAISS/7/11,1441995.48
CONRAISS,7,12,CONRAISS/7/12,1478874.83
CONRAISS,7,13,CONRAISS/7/13,1515752.64
CONRAISS,7,14,CONRAISS/7/14,1552630.46
CONRAISS,7,15,CONRAISS/7/15,1589508.28
CONRAISS,8,1,CONRAISS/8/1,1247853.6
CONRAISS,8,2,CONRAISS/8/2,1291257.31
CONRAISS,8,3,CONRAISS/8/3,1334661.02
CONRAISS,8,4,CONRAISS/8/4,1378066.26
CONRAISS,8,5,CONRAISS/8/5,1421469.97
CONRAISS,8,6,CONRAISS/8/6,1464875.21
CONRAISS,8,7,CONRAISS/8/7,1508278.92
CONRAISS,8,8,CONRAISS/8/8,1551684.17
CONRAISS,8,9,CONRAISS/8/9,1595087.88
CONRAISS,8,10,CONRAISS/8/10,1638493.12
CONRAISS,8,11,CONRAISS/8/11,1681896.83
CONRAISS,8,12,CONRAISS/8/12,1725302.07
CONRAISS,8,13,CONRAISS/8/13,1768705.78
CONRAISS,8,14,CONRAISS/8/14,1812109.49
CONRAISS,8,15,CONRAISS/8/15,1855514.74
CONRAISS,9,1,CONRAISS/9/1,1449363.37
CONRAISS,9,2,CONRAISS/9/2,1496524.65
CONRAISS,9,3,CONRAISS/9/3,1543687.45
CONRAISS,9,4,CONRAISS/9/4,1590848.73
CONRAISS,9,5,CONRAISS/9/5,1638010
CONRAISS,9,6,CONRAISS/9/6,1685171.28
CONRAISS,9,7,CONRAISS/9/7,1732334.09
CONRAISS,9,8,CONRAISS/9/8,1779495.36
CONRAISS,9,9,CONRAISS/9/9,1826656.64
CONRAISS,9,10,CONRAISS/9/10,1873817.91
CONRAISS,9,11,CONRAISS/9/11,1920980.72
CONRAISS,9,12,CONRAISS/9/12,1968142
CONRAISS,9,13,CONRAISS/9/13,2015303.27
CONRAISS,9,14,CONRAISS/9/14,2062464.55
CONRAISS,9,15,CONRAISS/9/15,2109627.36
CONRAISS,10,1,CONRAISS/10/1,1632502.03
CONRAISS,10,2,CONRAISS/10/2,1703912.48
CONRAISS,10,3,CONRAISS/10/3,1775322.93
CONRAISS,10,4,CONRAISS/10/4,1846733.38
CONRAISS,10,5,CONRAISS/10/5,1918143.84
CONRAISS,10,6,CONRAISS/10/6,1989554.29
CONRAISS,10,7,CONRAISS/10/7,2060964.74
CONRAISS,10,8,CONRAISS/10/8,2132375.19
CONRAISS,10,9,CONRAISS/10/9,2203785.65
CONRAISS,10,10,CONRAISS/10/10,2275196.1
CONRAISS,10,11,CONRAISS/10/11,2346606.55
CONRAISS,11,1,CONRAISS/11/1,1823167.47
CONRAISS,11,2,CONRAISS/11/2,1898669.99
CONRAISS,11,3,CONRAISS/11/3,1974170.97
CONRAISS,11,4,CONRAISS/11/4,2049673.49
CONRAISS,11,5,CONRAISS/11/5,2125176.01
CONRAISS,11,6,CONRAISS/11/6,2200676.99
CONRAISS,11,7,CONRAISS/11/7,2276179.51
CONRAISS,11,8,CONRAISS/11/8,2351682.02
CONRAISS,11,9,CONRAISS/11/9,2427183.01
CONRAISS,11,10,CONRAISS/11/10,2502685.53
CONRAISS,11,11,CONRAISS/11/11,2578126.69
CONRAISS,12,1,CONRAISS/12/1,2014717.4
CONRAISS,12,2,CONRAISS/12/2,2095998.9
CONRAISS,12,3,CONRAISS/12/3,2177278.86
CONRAISS,12,4,CONRAISS/12/4,2258558.83
CONRAISS,12,5,CONRAISS/12/5,2339840.33
CONRAISS,12,6,CONRAISS/12/6,2421120.29
CONRAISS,12,7,CONRAISS/12/7,2502401.79
CONRAISS,12,8,CONRAISS/12/8,2583681.76
CONRAISS,12,9,CONRAISS/12/9,2664963.25
CONRAISS,12,10,CONRAISS/12/10,2746243.22
CONRAISS,12,11,CONRAISS/12/11,2827524.72
CONRAISS,13,1,CONRAISS/13/1,2723069.01
CONRAISS,13,2,CONRAISS/13/2,2836736.12
CONRAISS,13,3,CONRAISS/13/3,2950403.23
CONRAISS,13,4,CONRAISS/13/4,3064070.34
CONRAISS,13,5,CONRAISS/13/5,3177737.45
CONRAISS,13,6,CONRAISS/13/6,3291403.02
CONRAISS,13,7,CONRAISS/13/7,3405070.13
CONRAISS,13,8,CONRAISS/13/8,3518737.24
CONRAISS,13,9,CONRAISS/13/9,3632404.34
CONRAISS,14,1,CONRAISS/14/1,3352333.85
CONRAISS,14,2,CONRAISS/14/2,3489725.77
CONRAISS,14,3,CONRAISS/14/3,3627119.21
CONRAISS,14,4,CONRAISS/14/4,3764511.13
CONRAISS,14,5,CONRAISS/14/5,3901903.04
CONRAISS,14,6,CONRAISS/14/6,4039294.95
CONRAISS,14,7,CONRAISS/14/7,4176686.87
CONRAISS,14,8,CONRAISS/14/8,4314078.78
CONRAISS,14,9,CONRAISS/14/9,4451470.69
CONRAISS,15,1,CONRAISS/15/1,4047461.91
CONRAISS,15,2,CONRAISS/15/2,4204744.38
CONRAISS,15,3,CONRAISS/15/3,4362026.84
CONRAISS,15,4,CONRAISS/15/4,4517775.61
CONRAISS,15,5,CONRAISS/15/5,4676591.78
CONRAISS,15,6,CONRAISS/15/6,4833872.72
CONRAISS,15,7,CONRAISS/15/7,4991156.72
CONRAISS,15,8,CONRAISS/15/8,5148437.65
CONRAISS,15,9,CONRAISS/15/9,5305720.12
TOPSAL,1,0,TOPSAL/1/0,24235480
TOPSAL,2,0,TOPSAL/2/0,23413081
TOPSAL,3,0,TOPSAL/3/0,23237356.25
TOPSAL,4,0,TOPSAL/4/0,23034086.75
DMO,1,1,DMO/1/1,491568
DMO,1,2,DMO/1/2,503485
DMO,1,3,DMO/1/3,515401
DMO,1,4,DMO/1/4,527318
DMO,1,5,DMO/1/5,539235
DMO,1,6,DMO/1/6,551152
DMO,1,7,DMO/1/7,563069
DMO,1,8,DMO/1/8,574985
DMO,1,9,DMO/1/9,586902
DMO,1,10,DMO/1/10,598819
DMO,1,11,DMO/1/11,610736
DMO,1,12,DMO/1/12,622652
DMO,1,13,DMO/1/13,634569
DMO,1,14,DMO/1/14,646486
DMO,1,15,DMO/1/15,658403
DMO,2,1,DMO/2/1,566048
DMO,2,2,DMO/2/2,580348
DMO,2,3,DMO/2/3,594647
DMO,2,4,DMO/2/4,608948
DMO,2,5,DMO/2/5,623248
DMO,2,6,DMO/2/6,637549
DMO,2,7,DMO/2/7,651848
DMO,2,8,DMO/2/8,666148
DMO,2,9,DMO/2/9,680449
DMO,2,10,DMO/2/10,694749
DMO,2,11,DMO/2/11,709049
DMO,2,12,DMO/2/12,723349
DMO,2,13,DMO/2/13,737649
DMO,2,14,DMO/2/14,751950
DMO,2,15,DMO/2/15,766249
DMO,3,1,DMO/3/1,688194
DMO,3,2,DMO/3/2,704878
DMO,3,3,DMO/3/3,721562
DMO,3,4,DMO/3/4,738245
DMO,3,5,DMO/3/5,754928
DMO,3,6,DMO/3/6,771612
DMO,3,7,DMO/3/7,788295
DMO,3,8,DMO/3/8,804979
DMO,3,9,DMO/3/9,821663
DMO,3,10,DMO/3/10,838345
DMO,3,11,DMO/3/11,855029
DMO,3,12,DMO/3/12,871713
DMO,3,13,DMO/3/13,888397
DMO,3,14,DMO/3/14,905080
DMO,3,15,DMO/3/15,921763
DMO,4,1,DMO/4/1,999313
DMO,4,2,DMO/4/2,1034764
DMO,4,3,DMO/4/3,1070207
DMO,4,4,DMO/4/4,1105659
DMO,4,5,DMO/4/5,1141102
DMO,4,6,DMO/4/6,1176554
DMO,4,7,DMO/4/7,1212007
DMO,4,8,DMO/4/8,1247450
DMO,4,9,DMO/4/9,1282902
DMO,4,10,DMO/4/10,1318345
DMO,4,11,DMO/4/11,1353796
DMO,4,12,DMO/4/12,1389249
DMO,4,13,DMO/4/13,1424691
DMO,4,14,DMO/4/14,1460144
DMO,4,15,DMO/4/15,1495587
DMO,5,1,DMO/5/1,1511168
DMO,5,2,DMO/5/2,1558438
DMO,5,3,DMO/5/3,1605708
DMO,5,4,DMO/5/4,1652978
DMO,5,5,DMO/5/5,1700247
DMO,5,6,DMO/5/6,1747518
DMO,5,7,DMO/5/7,1794787
DMO,5,8,DMO/5/8,1842058
DMO,5,9,DMO/5/9,1889327
DMO,5,10,DMO/5/10,1936598
DMO,5,11,DMO/5/11,1983867
DMO,5,12,DMO/5/12,2031136
DMO,5,13,DMO/5/13,2078407
DMO,5,14,DMO/5/14,2125676
DMO,5,15,DMO/5/15,2172947
DMO,6,1,DMO/6/1,1757727
DMO,6,2,DMO/6/2,1806983
DMO,6,3,DMO/6/3,1856238
DMO,6,4,DMO/6/4,1905494
DMO,6,5,DMO/6/5,1954751
DMO,6,6,DMO/6/6,2004007
DMO,6,7,DMO/6/7,2053262
DMO,6,8,DMO/6/8,2102518
DMO,6,9,DMO/6/9,2151774
DMO,6,10,DMO/6/10,2201031
DMO,6,11,DMO/6/11,2250287
DMO,6,12,DMO/6/12,2299542
DMO,6,13,DMO/6/13,2348799
DMO,6,14,DMO/6/14,2398055
DMO,6,15,DMO/6/15,2447311
DMO,7,1,DMO/7/1,1810987
DMO,7,2,DMO/7/2,1862098
DMO,7,3,DMO/7/3,1913210
DMO,7,4,DMO/7/4,1964322
DMO,7,5,DMO/7/5,2015433
DMO,7,6,DMO/7/6,2066545
DMO,7,7,DMO/7/7,2117656
DMO,7,8,DMO/7/8,2168768
DMO,7,9,DMO/7/9,2219880
DMO,7,10,DMO/7/10,2270991
DMO,7,11,DMO/7/11,2322103
DMO,7,12,DMO/7/12,2373214
DMO,8,1,DMO/8/1,1864247
DMO,8,2,DMO/8/2,1917213
DMO,8,3,DMO/8/3,1970181
DMO,8,4,DMO/8/4,2023147
DMO,8,5,DMO/8/5,2076113
DMO,8,6,DMO/8/6,2129080
DMO,8,7,DMO/8/7,2182047
DMO,8,8,DMO/8/8,2235014
DMO,8,9,DMO/8/9,2287980
DMO,8,10,DMO/8/10,2340946
DMO,8,11,DMO/8/11,2393914
DMO,8,12,DMO/8/12,2446880
DMO,9,1,DMO/9/1,2121564
DMO,9,2,DMO/9/2,2182680
DMO,9,3,DMO/9/3,2243795
DMO,9,4,DMO/9/4,2304911
DMO,9,5,DMO/9/5,2366026
DMO,9,6,DMO/9/6,2427142
DMO,9,7,DMO/9/7,2488257
DMO,9,8,DMO/9/8,2549373
DMO,9,9,DMO/9/9,2610488
DMO,9,10,DMO/9/10,2671604
DMO,9,11,DMO/9/11,2732719
DMO,9,12,DMO/9/12,2793835
DMO,10,1,DMO/10/1,2510169
DMO,10,2,DMO/10/2,2580791
DMO,10,3,DMO/10/3,2651412
DMO,10,4,DMO/10/4,2722035
DMO,10,5,DMO/10/5,2792658
DMO,10,6,DMO/10/6,2863280
DMO,10,7,DMO/10/7,2933902
DMO,10,8,DMO/10/8,3004524
DMO,10,9,DMO/10/9,3075147
DMO,10,10,DMO/10/10,3145770
DMO,10,11,DMO/10/11,3216391
DMO,10,12,DMO/10/12,3287014
DMO,12,1,DMO/12/1,2798815
DMO,12,2,DMO/12/2,2882771
DMO,12,3,DMO/12/3,2966728
DMO,12,4,DMO/12/4,3050684
DMO,12,5,DMO/12/5,3134641
DMO,12,6,DMO/12/6,3218597
DMO,12,7,DMO/12/7,3302554
DMO,12,8,DMO/12/8,3386510
DMO,12,9,DMO/12/9,3470466
DMO,12,10,DMO/12/10,3554423
DMO,12,11,DMO/12/11,3638380
DMO,12,12,DMO/12/12,3722336
DMO,13,1,DMO/13/1,3039358
DMO,13,2,DMO/13/2,3142904
DMO,13,3,DMO/13/3,3246451
DMO,13,4,DMO/13/4,3349998
DMO,13,5,DMO/13/5,3453544
DMO,13,6,DMO/13/6,3557091
DMO,13,7,DMO/13/7,3660636
DMO,13,8,DMO/13/8,3764183
DMO,13,9,DMO/13/9,3867729
DMO,13,10,DMO/13/10,3971276
DMO,13,11,DMO/13/11,4074822
DMO,13,12,DMO/13/12,4178369
DMO,14,1,DMO/14/1,3279869
DMO,14,2,DMO/14/2,3404240
DMO,14,3,DMO/14/3,3528603
DMO,14,4,DMO/14/4,3652974
DMO,14,5,DMO/14/5,3777337
DMO,14,6,DMO/14/6,3901707
DMO,14,7,DMO/14/7,4026078
DMO,14,8,DMO/14/8,4150441
DMO,14,9,DMO/14/9,4274812
DMO,14,10,DMO/14/10,4399175
DMO,15,1,DMO/15/1,5025517
DMO,15,2,DMO/15/2,5164597
DMO,15,3,DMO/15/3,5303677
DMO,15,4,DMO/15/4,5442758
DMO,15,5,DMO/15/5,5581838
DMO,15,6,DMO/15/6,5720918
DMO,15,7,DMO/15/7,5859998
DMO,15,8,DMO/15/8,5999078
DMO,15,9,DMO/15/9,6138159
DMO,15,10,DMO/15/10,6277238
DMO,16,1,DMO/16/1,6273906
DMO,16,2,DMO/16/2,6460376
DMO,16,3,DMO/16/3,6586846
DMO,16,4,DMO/16/4,6743316
DMO,16,5,DMO/16/5,6899786
DMO,16,6,DMO/16/6,7056256
DMO,16,7,DMO/16/7,7212726
DMO,16,8,DMO/16/8,7369196
DMO,16,9,DMO/16/9,7525666
DMO,16,10,DMO/16/10,7682136
DMO,17,1,DMO/17/1,7600767
DMO,17,2,DMO/17/2,7835463
DMO,17,3,DMO/17/3,8070167
DMO,17,4,DMO/17/4,8304862
DMO,17,5,DMO/17/5,8539558
DMO,17,6,DMO/17/6,8774255
DMO,17,7,DMO/17/7,9008958
DMO,17,8,DMO/17/8,9243653
DMO,17,9,DMO/17/9,9478350
DMO,17,10,DMO/17/10,9713046
DMO,D,G,DMO/D/G,11073725
BPE  ,1,1,BPE  /1/1,491568
BPE  ,1,2,BPE  /1/2,503485
BPE  ,1,3,BPE  /1/3,515402
BPE  ,1,4,BPE  /1/4,527319
BPE  ,1,5,BPE  /1/5,539235
BPE  ,1,6,BPE  /1/6,551152
BPE  ,1,7,BPE  /1/7,563069
BPE  ,1,8,BPE  /1/8,574986
BPE  ,1,9,BPE  /1/9,586902
BPE  ,1,10,BPE  /1/10,598819
BPE  ,1,11,BPE  /1/11,610736
BPE  ,1,12,BPE  /1/12,622653
BPE  ,1,13,BPE  /1/13,634569
BPE  ,1,14,BPE  /1/14,646486
BPE  ,1,15,BPE  /1/15,658403
BPE  ,2,1,BPE  /2/1,566048
BPE  ,2,2,BPE  /2/2,580348
BPE  ,2,3,BPE  /2/3,594648
BPE  ,2,4,BPE  /2/4,608948
BPE  ,2,5,BPE  /2/5,623247
BPE  ,2,6,BPE  /2/6,637547
BPE  ,2,7,BPE  /2/7,651847
BPE  ,2,8,BPE  /2/8,666147
BPE  ,2,9,BPE  /2/9,680447
BPE  ,2,10,BPE  /2/10,694747
BPE  ,2,11,BPE  /2/11,709047
BPE  ,2,12,BPE  /2/12,723347
BPE  ,2,13,BPE  /2/13,737646
BPE  ,2,14,BPE  /2/14,751946
BPE  ,2,15,BPE  /2/15,766246
BPE  ,3,1,BPE  /3/1,688194
BPE  ,3,2,BPE  /3/2,704878
BPE  ,3,3,BPE  /3/3,721562
BPE  ,3,4,BPE  /3/4,738246
BPE  ,3,5,BPE  /3/5,754929
BPE  ,3,6,BPE  /3/6,771613
BPE  ,3,7,BPE  /3/7,788297
BPE  ,3,8,BPE  /3/8,804981
BPE  ,3,9,BPE  /3/9,821665
BPE  ,3,10,BPE  /3/10,838349
BPE  ,3,11,BPE  /3/11,855033
BPE  ,3,12,BPE  /3/12,871717
BPE  ,3,13,BPE  /3/13,888400
BPE  ,3,14,BPE  /3/14,905084
BPE  ,3,15,BPE  /3/15,921768
BPE  ,4,1,BPE  /4/1,999313
BPE  ,4,2,BPE  /4/2,1034764
BPE  ,4,3,BPE  /4/3,1070215
BPE  ,4,4,BPE  /4/4,1105666
BPE  ,4,5,BPE  /4/5,1141116
BPE  ,4,6,BPE  /4/6,1176567
BPE  ,4,7,BPE  /4/7,1212018
BPE  ,4,8,BPE  /4/8,1247469
BPE  ,4,9,BPE  /4/9,1282920
BPE  ,4,10,BPE  /4/10,1318371
BPE  ,4,11,BPE  /4/11,1353822
BPE  ,4,12,BPE  /4/12,1389273
BPE  ,4,13,BPE  /4/13,1424723
BPE  ,4,14,BPE  /4/14,1460174
BPE  ,4,15,BPE  /4/15,1495625
BPE  ,5,1,BPE  /5/1,1511168
BPE  ,5,2,BPE  /5/2,1558438
BPE  ,5,3,BPE  /5/3,1605708
BPE  ,5,4,BPE  /5/4,1652978
BPE  ,5,5,BPE  /5/5,1700247
BPE  ,5,6,BPE  /5/6,1747517
BPE  ,5,7,BPE  /5/7,1794787
BPE  ,5,8,BPE  /5/8,1842057
BPE  ,5,9,BPE  /5/9,1889327
BPE  ,5,10,BPE  /5/10,1936597
BPE  ,5,11,BPE  /5/11,1983867
BPE  ,5,12,BPE  /5/12,2031137
BPE  ,5,13,BPE  /5/13,2078406
BPE  ,5,14,BPE  /5/14,2125676
BPE  ,5,15,BPE  /5/15,2172946
BPE  ,6,1,BPE  /6/1,1757727
BPE  ,6,2,BPE  /6/2,1806983
BPE  ,6,3,BPE  /6/3,1856239
BPE  ,6,4,BPE  /6/4,1905495
BPE  ,6,5,BPE  /6/5,1954750
BPE  ,6,6,BPE  /6/6,2004006
BPE  ,6,7,BPE  /6/7,2053262
BPE  ,6,8,BPE  /6/8,2102518
BPE  ,6,9,BPE  /6/9,2151774
BPE  ,6,10,BPE  /6/10,2201030
BPE  ,6,11,BPE  /6/11,2250286
BPE  ,6,12,BPE  /6/12,2299542
BPE  ,6,13,BPE  /6/13,2348797
BPE  ,6,14,BPE  /6/14,2398053
BPE  ,6,15,BPE  /6/15,2447309
BPE  ,7,1,BPE  /7/1,1810987
BPE  ,7,2,BPE  /7/2,1862098
BPE  ,7,3,BPE  /7/3,1913209
BPE  ,7,4,BPE  /7/4,1964320
BPE  ,7,5,BPE  /7/5,2015430
BPE  ,7,6,BPE  /7/6,2066541
BPE  ,7,7,BPE  /7/7,2117652
BPE  ,7,8,BPE  /7/8,2168763
BPE  ,7,9,BPE  /7/9,2219874
BPE  ,7,10,BPE  /7/10,2270985
BPE  ,7,11,BPE  /7/11,2322096
BPE  ,7,12,BPE  /7/12,2373207
BPE  ,8,1,BPE  /8/1,1864247
BPE  ,8,2,BPE  /8/2,1917213
BPE  ,8,3,BPE  /8/3,1970179
BPE  ,8,4,BPE  /8/4,2023145
BPE  ,8,5,BPE  /8/5,2076110
BPE  ,8,6,BPE  /8/6,2129076
BPE  ,8,7,BPE  /8/7,2182042
BPE  ,8,8,BPE  /8/8,2235008
BPE  ,8,9,BPE  /8/9,2287974
BPE  ,8,10,BPE  /8/10,2340940
BPE  ,8,11,BPE  /8/11,2393906
BPE  ,8,12,BPE  /8/12,2446872
BPE  ,9,1,BPE  /9/1,2121564
BPE  ,9,2,BPE  /9/2,2182680
BPE  ,9,3,BPE  /9/3,2243796
BPE  ,9,4,BPE  /9/4,2304912
BPE  ,9,5,BPE  /9/5,2366027
BPE  ,9,6,BPE  /9/6,2427143
BPE  ,9,7,BPE  /9/7,2488259
BPE  ,9,8,BPE  /9/8,2549375
BPE  ,9,9,BPE  /9/9,2610491
BPE  ,9,10,BPE  /9/10,2671607
BPE  ,9,11,BPE  /9/11,2732723
BPE  ,9,12,BPE  /9/12,2793839
BPE  ,10,1,BPE  /10/1,2510169
BPE  ,10,2,BPE  /10/2,2580791
BPE  ,10,3,BPE  /10/3,2651413
BPE  ,10,4,BPE  /10/4,2722035
BPE  ,10,5,BPE  /10/5,2792656
BPE  ,10,6,BPE  /10/6,2863278
BPE  ,10,7,BPE  /10/7,2933900
BPE  ,10,8,BPE  /10/8,3004522
BPE  ,10,9,BPE  /10/9,3075144
BPE  ,10,10,BPE  /10/10,3145766
BPE  ,10,11,BPE  /10/11,3216388
BPE  ,10,12,BPE  /10/12,3287010
BPE  ,12,1,BPE  /12/1,2798815
BPE  ,12,2,BPE  /12/2,2882771
BPE  ,12,3,BPE  /12/3,2966727
BPE  ,12,4,BPE  /12/4,3050683
BPE  ,12,5,BPE  /12/5,3134638
BPE  ,12,6,BPE  /12/6,3218594
BPE  ,12,7,BPE  /12/7,3302550
BPE  ,12,8,BPE  /12/8,3386506
BPE  ,12,9,BPE  /12/9,3470462
BPE  ,12,10,BPE  /12/10,3554418
BPE  ,12,11,BPE  /12/11,3638374
BPE  ,12,12,BPE  /12/12,3722330
BPE  ,13,1,BPE  /13/1,3039358
BPE  ,13,2,BPE  /13/2,3142904
BPE  ,13,3,BPE  /13/3,3246450
BPE  ,13,4,BPE  /13/4,3349996
BPE  ,13,5,BPE  /13/5,3453541
BPE  ,13,6,BPE  /13/6,3557087
BPE  ,13,7,BPE  /13/7,3660633
BPE  ,13,8,BPE  /13/8,3764179
BPE  ,13,9,BPE  /13/9,3867725
BPE  ,13,10,BPE  /13/10,3971271
BPE  ,13,11,BPE  /13/11,4074817
BPE  ,13,12,BPE  /13/12,4178363
BPE  ,14,1,BPE  /14/1,3279869
BPE  ,14,2,BPE  /14/2,3404240
BPE  ,14,3,BPE  /14/3,3528611
BPE  ,14,4,BPE  /14/4,3652982
BPE  ,14,5,BPE  /14/5,3777352
BPE  ,14,6,BPE  /14/6,3901723
BPE  ,14,7,BPE  /14/7,4026094
BPE  ,14,8,BPE  /14/8,4150465
BPE  ,14,9,BPE  /14/9,4274836
BPE  ,14,10,BPE  /14/10,4399207
BPE  ,15,1,BPE  /15/1,5025517
BPE  ,15,2,BPE  /15/2,5164597
BPE  ,15,3,BPE  /15/3,5303677
BPE  ,15,4,BPE  /15/4,5442757
BPE  ,15,5,BPE  /15/5,5581836
BPE  ,15,6,BPE  /15/6,5720916
BPE  ,15,7,BPE  /15/7,5859996
BPE  ,15,8,BPE  /15/8,5999076
BPE  ,15,9,BPE  /15/9,6138156
BPE  ,15,10,BPE  /15/10,6277236
BPE  ,16,1,BPE  /16/1,6273906
BPE  ,16,2,BPE  /16/2,6430376
BPE  ,16,3,BPE  /16/3,6586846
BPE  ,16,4,BPE  /16/4,6743316
BPE  ,16,5,BPE  /16/5,6899785
BPE  ,16,6,BPE  /16/6,7056255
BPE  ,16,7,BPE  /16/7,7212725
BPE  ,16,8,BPE  /16/8,7369195
BPE  ,16,9,BPE  /16/9,7525665
BPE  ,16,10,BPE  /16/10,7682135
BPE  ,17,1,BPE  /17/1,7600767
BPE  ,17,2,BPE  /17/2,7835463
BPE  ,17,3,BPE  /17/3,8070159
BPE  ,17,4,BPE  /17/4,8304855
BPE  ,17,5,BPE  /17/5,8539550
BPE  ,17,6,BPE  /17/6,8774246
BPE  ,17,7,BPE  /17/7,9008942
BPE  ,17,8,BPE  /17/8,9243638
BPE  ,17,9,BPE  /17/9,9478334
BPE  ,17,10,BPE  /17/10,9713030
EFCC,1,1,EFCC/1/1,491568
EFCC,1,2,EFCC/1/2,503485
EFCC,1,3,EFCC/1/3,515402
EFCC,1,4,EFCC/1/4,527319
EFCC,1,5,EFCC/1/5,539235
EFCC,1,6,EFCC/1/6,551152
EFCC,1,7,EFCC/1/7,563069
EFCC,1,8,EFCC/1/8,574986
EFCC,1,9,EFCC/1/9,586902
EFCC,1,10,EFCC/1/10,598819
EFCC,1,11,EFCC/1/11,610736
EFCC,1,12,EFCC/1/12,622653
EFCC,1,13,EFCC/1/13,634569
EFCC,1,14,EFCC/1/14,646486
EFCC,1,15,EFCC/1/15,658403
EFCC,2,1,EFCC/2/1,566048
EFCC,2,2,EFCC/2/2,580348
EFCC,2,3,EFCC/2/3,594648
EFCC,2,4,EFCC/2/4,608948
EFCC,2,5,EFCC/2/5,623247
EFCC,2,6,EFCC/2/6,637547
EFCC,2,7,EFCC/2/7,651847
EFCC,2,8,EFCC/2/8,666147
EFCC,2,9,EFCC/2/9,680447
EFCC,2,10,EFCC/2/10,694747
EFCC,2,11,EFCC/2/11,709047
EFCC,2,12,EFCC/2/12,723347
EFCC,2,13,EFCC/2/13,737646
EFCC,2,14,EFCC/2/14,751946
EFCC,2,15,EFCC/2/15,766246
EFCC,3,1,EFCC/3/1,688194
EFCC,3,2,EFCC/3/2,704878
EFCC,3,3,EFCC/3/3,721562
EFCC,3,4,EFCC/3/4,738246
EFCC,3,5,EFCC/3/5,754929
EFCC,3,6,EFCC/3/6,771613
EFCC,3,7,EFCC/3/7,788297
EFCC,3,8,EFCC/3/8,804981
EFCC,3,9,EFCC/3/9,821665
EFCC,3,10,EFCC/3/10,838349
EFCC,3,11,EFCC/3/11,855033
EFCC,3,12,EFCC/3/12,871717
EFCC,3,13,EFCC/3/13,888400
EFCC,3,14,EFCC/3/14,905084
EFCC,3,15,EFCC/3/15,921768
EFCC,4,1,EFCC/4/1,999313
EFCC,4,2,EFCC/4/2,1034764
EFCC,4,3,EFCC/4/3,1070215
EFCC,4,4,EFCC/4/4,1105666
EFCC,4,5,EFCC/4/5,1141116
EFCC,4,6,EFCC/4/6,1176567
EFCC,4,7,EFCC/4/7,1212018
EFCC,4,8,EFCC/4/8,1247469
EFCC,4,9,EFCC/4/9,1282920
EFCC,4,10,EFCC/4/10,1318371
EFCC,4,11,EFCC/4/11,1353822
EFCC,4,12,EFCC/4/12,1389273
EFCC,4,13,EFCC/4/13,1424723
EFCC,4,14,EFCC/4/14,1460174
EFCC,4,15,EFCC/4/15,1495625
EFCC,5,1,EFCC/5/1,1511168
EFCC,5,2,EFCC/5/2,1558438
EFCC,5,3,EFCC/5/3,1605708
EFCC,5,4,EFCC/5/4,1652978
EFCC,5,5,EFCC/5/5,1700247
EFCC,5,6,EFCC/5/6,1747517
EFCC,5,7,EFCC/5/7,1794787
EFCC,5,8,EFCC/5/8,1842057
EFCC,5,9,EFCC/5/9,1889327
EFCC,5,10,EFCC/5/10,1936597
EFCC,5,11,EFCC/5/11,1983867
EFCC,5,12,EFCC/5/12,2031137
EFCC,5,13,EFCC/5/13,2078406
EFCC,5,14,EFCC/5/14,2125676
EFCC,5,15,EFCC/5/15,2172946
EFCC,6,1,EFCC/6/1,1757727
EFCC,6,2,EFCC/6/2,1806983
EFCC,6,3,EFCC/6/3,1856239
EFCC,6,4,EFCC/6/4,1905495
EFCC,6,5,EFCC/6/5,1954750
EFCC,6,6,EFCC/6/6,2004006
EFCC,6,7,EFCC/6/7,2053262
EFCC,6,8,EFCC/6/8,2102518
EFCC,6,9,EFCC/6/9,2151774
EFCC,6,10,EFCC/6/10,2201030
EFCC,6,11,EFCC/6/11,2250286
EFCC,6,12,EFCC/6/12,2299542
EFCC,6,13,EFCC/6/13,2348797
EFCC,6,14,EFCC/6/14,2398053
EFCC,6,15,EFCC/6/15,2447309
EFCC,7,1,EFCC/7/1,1810987
EFCC,7,2,EFCC/7/2,1862098
EFCC,7,3,EFCC/7/3,1913209
EFCC,7,4,EFCC/7/4,1964320
EFCC,7,5,EFCC/7/5,2015430
EFCC,7,6,EFCC/7/6,2066541
EFCC,7,7,EFCC/7/7,2117652
EFCC,7,8,EFCC/7/8,2168763
EFCC,7,9,EFCC/7/9,2219874
EFCC,7,10,EFCC/7/10,2270985
EFCC,7,11,EFCC/7/11,2322096
EFCC,7,12,EFCC/7/12,2373207
EFCC,8,1,EFCC/8/1,1864247
EFCC,8,2,EFCC/8/2,1917213
EFCC,8,3,EFCC/8/3,1970179
EFCC,8,4,EFCC/8/4,2023145
EFCC,8,5,EFCC/8/5,2076110
EFCC,8,6,EFCC/8/6,2129076
EFCC,8,7,EFCC/8/7,2182042
EFCC,8,8,EFCC/8/8,2235008
EFCC,8,9,EFCC/8/9,2287974
EFCC,8,10,EFCC/8/10,2340940
EFCC,8,11,EFCC/8/11,2393906
EFCC,8,12,EFCC/8/12,2446872
EFCC,9,1,EFCC/9/1,2121564
EFCC,9,2,EFCC/9/2,2182680
EFCC,9,3,EFCC/9/3,2243796
EFCC,9,4,EFCC/9/4,2304912
EFCC,9,5,EFCC/9/5,2366027
EFCC,9,6,EFCC/9/6,2427143
EFCC,9,7,EFCC/9/7,2488259
EFCC,9,8,EFCC/9/8,2549375
EFCC,9,9,EFCC/9/9,2610491
EFCC,9,10,EFCC/9/10,2671607
EFCC,9,11,EFCC/9/11,2732723
EFCC,9,12,EFCC/9/12,2793839
EFCC,10,1,EFCC/10/1,2510169
EFCC,10,2,EFCC/10/2,2580791
EFCC,10,3,EFCC/10/3,2651413
EFCC,10,4,EFCC/10/4,2722035
EFCC,10,5,EFCC/10/5,2792656
EFCC,10,6,EFCC/10/6,2863278
EFCC,10,7,EFCC/10/7,2933900
EFCC,10,8,EFCC/10/8,3004522
EFCC,10,9,EFCC/10/9,3075144
EFCC,10,10,EFCC/10/10,3145766
EFCC,10,11,EFCC/10/11,3216388
EFCC,10,12,EFCC/10/12,3287010
EFCC,12,1,EFCC/12/1,2798815
EFCC,12,2,EFCC/12/2,2882771
EFCC,12,3,EFCC/12/3,2966727
EFCC,12,4,EFCC/12/4,3050683
EFCC,12,5,EFCC/12/5,3134638
EFCC,12,6,EFCC/12/6,3218594
EFCC,12,7,EFCC/12/7,3302550
EFCC,12,8,EFCC/12/8,3386506
EFCC,12,9,EFCC/12/9,3470462
EFCC,12,10,EFCC/12/10,3554418
EFCC,12,11,EFCC/12/11,3638374
EFCC,12,12,EFCC/12/12,3722330
EFCC,13,1,EFCC/13/1,3039358
EFCC,13,2,EFCC/13/2,3142904
EFCC,13,3,EFCC/13/3,3246450
EFCC,13,4,EFCC/13/4,3349996
EFCC,13,5,EFCC/13/5,3453541
EFCC,13,6,EFCC/13/6,3557087
EFCC,13,7,EFCC/13/7,3660633
EFCC,13,8,EFCC/13/8,3764179
EFCC,13,9,EFCC/13/9,3867725
EFCC,13,10,EFCC/13/10,3971271
EFCC,13,11,EFCC/13/11,4074817
EFCC,13,12,EFCC/13/12,4178363
EFCC,14,1,EFCC/14/1,3279869
EFCC,14,2,EFCC/14/2,3404240
EFCC,14,3,EFCC/14/3,3528611
EFCC,14,4,EFCC/14/4,3652982
EFCC,14,5,EFCC/14/5,3777352
EFCC,14,6,EFCC/14/6,3901723
EFCC,14,7,EFCC/14/7,4026094
EFCC,14,8,EFCC/14/8,4150465
EFCC,14,9,EFCC/14/9,4274836
EFCC,14,10,EFCC/14/10,4399207
EFCC,15,1,EFCC/15/1,5025517
EFCC,15,2,EFCC/15/2,5164597
EFCC,15,3,EFCC/15/3,5303677
EFCC,15,4,EFCC/15/4,5442757
EFCC,15,5,EFCC/15/5,5581836
EFCC,15,6,EFCC/15/6,5720916
EFCC,15,7,EFCC/15/7,5859996
EFCC,15,8,EFCC/15/8,5999076
EFCC,15,9,EFCC/15/9,6138156
EFCC,15,10,EFCC/15/10,6277236
EFCC,16,1,EFCC/16/1,6273906
EFCC,16,2,EFCC/16/2,6430376
EFCC,16,3,EFCC/16/3,6586846
EFCC,16,4,EFCC/16/4,6743316
EFCC,16,5,EFCC/16/5,6899785
EFCC,16,6,EFCC/16/6,7056255
EFCC,16,7,EFCC/16/7,7212725
EFCC,16,8,EFCC/16/8,7369195
EFCC,16,9,EFCC/16/9,7525665
EFCC,16,10,EFCC/16/10,7682135
EFCC,17,1,EFCC/17/1,7600767
EFCC,17,2,EFCC/17/2,7835463
EFCC,17,3,EFCC/17/3,8070159
EFCC,17,4,EFCC/17/4,8304855
EFCC,17,5,EFCC/17/5,8539550
EFCC,17,6,EFCC/17/6,8774246
EFCC,17,7,EFCC/17/7,9008942
EFCC,17,8,EFCC/17/8,9243638
EFCC,17,9,EFCC/17/9,9478334
EFCC,17,10,EFCC/17/10,9713030
ICPC,1,1,ICPC/1/1,491568
ICPC,1,2,ICPC/1/2,503485
ICPC,1,3,ICPC/1/3,515402
ICPC,1,4,ICPC/1/4,527319
ICPC,1,5,ICPC/1/5,539235
ICPC,1,6,ICPC/1/6,551152
ICPC,1,7,ICPC/1/7,563069
ICPC,1,8,ICPC/1/8,574986
ICPC,1,9,ICPC/1/9,586902
ICPC,1,10,ICPC/1/10,598819
ICPC,1,11,ICPC/1/11,610736
ICPC,1,12,ICPC/1/12,622653
ICPC,1,13,ICPC/1/13,634569
ICPC,1,14,ICPC/1/14,646486
ICPC,1,15,ICPC/1/15,658403
ICPC,2,1,ICPC/2/1,566048
ICPC,2,2,ICPC/2/2,580348
ICPC,2,3,ICPC/2/3,594648
ICPC,2,4,ICPC/2/4,608948
ICPC,2,5,ICPC/2/5,623247
ICPC,2,6,ICPC/2/6,637547
ICPC,2,7,ICPC/2/7,651847
ICPC,2,8,ICPC/2/8,666147
ICPC,2,9,ICPC/2/9,680447
ICPC,2,10,ICPC/2/10,694747
ICPC,2,11,ICPC/2/11,709047
ICPC,2,12,ICPC/2/12,723347
ICPC,2,13,ICPC/2/13,737646
ICPC,2,14,ICPC/2/14,751946
ICPC,2,15,ICPC/2/15,766246
ICPC,3,1,ICPC/3/1,688194
ICPC,3,2,ICPC/3/2,704878
ICPC,3,3,ICPC/3/3,721562
ICPC,3,4,ICPC/3/4,738246
ICPC,3,5,ICPC/3/5,754929
ICPC,3,6,ICPC/3/6,771613
ICPC,3,7,ICPC/3/7,788297
ICPC,3,8,ICPC/3/8,804981
ICPC,3,9,ICPC/3/9,821665
ICPC,3,10,ICPC/3/10,838349
ICPC,3,11,ICPC/3/11,855033
ICPC,3,12,ICPC/3/12,871717
ICPC,3,13,ICPC/3/13,888400
ICPC,3,14,ICPC/3/14,905084
ICPC,3,15,ICPC/3/15,921768
ICPC,4,1,ICPC/4/1,999313
ICPC,4,2,ICPC/4/2,1034764
ICPC,4,3,ICPC/4/3,1070215
ICPC,4,4,ICPC/4/4,1105666
ICPC,4,5,ICPC/4/5,1141116
ICPC,4,6,ICPC/4/6,1176567
ICPC,4,7,ICPC/4/7,1212018
ICPC,4,8,ICPC/4/8,1247469
ICPC,4,9,ICPC/4/9,1282920
ICPC,4,10,ICPC/4/10,1318371
ICPC,4,11,ICPC/4/11,1353822
ICPC,4,12,ICPC/4/12,1389273
ICPC,4,13,ICPC/4/13,1424723
ICPC,4,14,ICPC/4/14,1460174
ICPC,4,15,ICPC/4/15,1495625
ICPC,5,1,ICPC/5/1,1511168
ICPC,5,2,ICPC/5/2,1558438
ICPC,5,3,ICPC/5/3,1605708
ICPC,5,4,ICPC/5/4,1652978
ICPC,5,5,ICPC/5/5,1700247
ICPC,5,6,ICPC/5/6,1747517
ICPC,5,7,ICPC/5/7,1794787
ICPC,5,8,ICPC/5/8,1842057
ICPC,5,9,ICPC/5/9,1889327
ICPC,5,10,ICPC/5/10,1936597
ICPC,5,11,ICPC/5/11,1983867
ICPC,5,12,ICPC/5/12,2031137
ICPC,5,13,ICPC/5/13,2078406
ICPC,5,14,ICPC/5/14,2125676
ICPC,5,15,ICPC/5/15,2172946
ICPC,6,1,ICPC/6/1,1757727
ICPC,6,2,ICPC/6/2,1806983
ICPC,6,3,ICPC/6/3,1856239
ICPC,6,4,ICPC/6/4,1905495
ICPC,6,5,ICPC/6/5,1954750
ICPC,6,6,ICPC/6/6,2004006
ICPC,6,7,ICPC/6/7,2053262
ICPC,6,8,ICPC/6/8,2102518
ICPC,6,9,ICPC/6/9,2151774
ICPC,6,10,ICPC/6/10,2201030
ICPC,6,11,ICPC/6/11,2250286
ICPC,6,12,ICPC/6/12,2299542
ICPC,6,13,ICPC/6/13,2348797
ICPC,6,14,ICPC/6/14,2398053
ICPC,6,15,ICPC/6/15,2447309
ICPC,7,1,ICPC/7/1,1810987
ICPC,7,2,ICPC/7/2,1862098
ICPC,7,3,ICPC/7/3,1913209
ICPC,7,4,ICPC/7/4,1964320
ICPC,7,5,ICPC/7/5,2015430
ICPC,7,6,ICPC/7/6,2066541
ICPC,7,7,ICPC/7/7,2117652
ICPC,7,8,ICPC/7/8,2168763
ICPC,7,9,ICPC/7/9,2219874
ICPC,7,10,ICPC/7/10,2270985
ICPC,7,11,ICPC/7/11,2322096
ICPC,7,12,ICPC/7/12,2373207
ICPC,8,1,ICPC/8/1,1864247
ICPC,8,2,ICPC/8/2,1917213
ICPC,8,3,ICPC/8/3,1970179
ICPC,8,4,ICPC/8/4,2023145
ICPC,8,5,ICPC/8/5,2076110
ICPC,8,6,ICPC/8/6,2129076
ICPC,8,7,ICPC/8/7,2182042
ICPC,8,8,ICPC/8/8,2235008
ICPC,8,9,ICPC/8/9,2287974
ICPC,8,10,ICPC/8/10,2340940
ICPC,8,11,ICPC/8/11,2393906
ICPC,8,12,ICPC/8/12,2446872
ICPC,9,1,ICPC/9/1,2121564
ICPC,9,2,ICPC/9/2,2182680
ICPC,9,3,ICPC/9/3,2243796
ICPC,9,4,ICPC/9/4,2304912
ICPC,9,5,ICPC/9/5,2366027
ICPC,9,6,ICPC/9/6,2427143
ICPC,9,7,ICPC/9/7,2488259
ICPC,9,8,ICPC/9/8,2549375
ICPC,9,9,ICPC/9/9,2610491
ICPC,9,10,ICPC/9/10,2671607
ICPC,9,11,ICPC/9/11,2732723
ICPC,9,12,ICPC/9/12,2793839
ICPC,10,1,ICPC/10/1,2510169
ICPC,10,2,ICPC/10/2,2580791
ICPC,10,3,ICPC/10/3,2651413
ICPC,10,4,ICPC/10/4,2722035
ICPC,10,5,ICPC/10/5,2792656
ICPC,10,6,ICPC/10/6,2863278
ICPC,10,7,ICPC/10/7,2933900
ICPC,10,8,ICPC/10/8,3004522
ICPC,10,9,ICPC/10/9,3075144
ICPC,10,10,ICPC/10/10,3145766
ICPC,10,11,ICPC/10/11,3216388
ICPC,10,12,ICPC/10/12,3287010
ICPC,12,1,ICPC/12/1,2798815
ICPC,12,2,ICPC/12/2,2882771
ICPC,12,3,ICPC/12/3,2966727
ICPC,12,4,ICPC/12/4,3050683
ICPC,12,5,ICPC/12/5,3134638
ICPC,12,6,ICPC/12/6,3218594
ICPC,12,7,ICPC/12/7,3302550
ICPC,12,8,ICPC/12/8,3386506
ICPC,12,9,ICPC/12/9,3470462
ICPC,12,10,ICPC/12/10,3554418
ICPC,12,11,ICPC/12/11,3638374
ICPC,12,12,ICPC/12/12,3722330
ICPC,13,1,ICPC/13/1,3039358
ICPC,13,2,ICPC/13/2,3142904
ICPC,13,3,ICPC/13/3,3246450
ICPC,13,4,ICPC/13/4,3349996
ICPC,13,5,ICPC/13/5,3453541
ICPC,13,6,ICPC/13/6,3557087
ICPC,13,7,ICPC/13/7,3660633
ICPC,13,8,ICPC/13/8,3764179
ICPC,13,9,ICPC/13/9,3867725
ICPC,13,10,ICPC/13/10,3971271
ICPC,13,11,ICPC/13/11,4074817
ICPC,13,12,ICPC/13/12,4178363
ICPC,14,1,ICPC/14/1,3279869
ICPC,14,2,ICPC/14/2,3404240
ICPC,14,3,ICPC/14/3,3528611
ICPC,14,4,ICPC/14/4,3652982
ICPC,14,5,ICPC/14/5,3777352
ICPC,14,6,ICPC/14/6,3901723
ICPC,14,7,ICPC/14/7,4026094
ICPC,14,8,ICPC/14/8,4150465
ICPC,14,9,ICPC/14/9,4274836
ICPC,14,10,ICPC/14/10,4399207
ICPC,15,1,ICPC/15/1,5025517
ICPC,15,2,ICPC/15/2,5164597
ICPC,15,3,ICPC/15/3,5303677
ICPC,15,4,ICPC/15/4,5442757
ICPC,15,5,ICPC/15/5,5581836
ICPC,15,6,ICPC/15/6,5720916
ICPC,15,7,ICPC/15/7,5859996
ICPC,15,8,ICPC/15/8,5999076
ICPC,15,9,ICPC/15/9,6138156
ICPC,15,10,ICPC/15/10,6277236
ICPC,16,1,ICPC/16/1,6273906
ICPC,16,2,ICPC/16/2,6430376
ICPC,16,3,ICPC/16/3,6586846
ICPC,16,4,ICPC/16/4,6743316
ICPC,16,5,ICPC/16/5,6899785
ICPC,16,6,ICPC/16/6,7056255
ICPC,16,7,ICPC/16/7,7212725
ICPC,16,8,ICPC/16/8,7369195
ICPC,16,9,ICPC/16/9,7525665
ICPC,16,10,ICPC/16/10,7682135
ICPC,17,1,ICPC/17/1,7600767
ICPC,17,2,ICPC/17/2,7835463
ICPC,17,3,ICPC/17/3,8070159
ICPC,17,4,ICPC/17/4,8304855
ICPC,17,5,ICPC/17/5,8539550
ICPC,17,6,ICPC/17/6,8774246
ICPC,17,7,ICPC/17/7,9008942
ICPC,17,8,ICPC/17/8,9243638
ICPC,17,9,ICPC/17/9,9478334
ICPC,17,10,ICPC/17/10,9713030
PTI,JS4,1,PTI/JS4/1,23624120
PTI,JS3,1,PTI/JS3/1,17278420.4
PTI,JS3,2,PTI/JS3/2,23606132
PTI,JS1,1,PTI/JS1/1,31382547
PTI,JS1,2,PTI/JS1/2,26843595
PTI,JS1,3,PTI/JS1/3,26861595
PTI,JS1,4,PTI/JS1/4,26861595
PTI,JS1,5,PTI/JS1/5,27225195
PTI,JS1,6,PTI/JS1/6,27225195
PTI,JS1,7,PTI/JS1/7,27225195
PTI,JS1,8,PTI/JS1/8,27247911
PTI,JS1,9,PTI/JS1/9,27247911
PTI,JS1,10,PTI/JS1/10,27247911
PTI,JS1,11,PTI/JS1/11,27247911
PTI,JS1,12,PTI/JS1/12,27247911
PTI,JS1,13,PTI/JS1/13,28072707
PTI,JS1,14,PTI/JS1/14,28072707
PTI,JS1,15,PTI/JS1/15,28072707
PTI,JS1,16,PTI/JS1/16,17278420.4
PTI,JS1,17,PTI/JS1/17,17278420.4
PTI,SS6,1,PTI/SS6/1,3994383
PTI,SS6,2,PTI/SS6/2,3994383
PTI,SS6,3,PTI/SS6/3,11104813.8
PTI,SS5,1,PTI/SS5/1,12822612.6
PTI,SS5,2,PTI/SS5/2,4433442.6
PTI,SS5,3,PTI/SS5/3,4433442.6
PTI,SS5,4,PTI/SS5/4,4433442.6
PTI,SS5,5,PTI/SS5/5,4433442.6
PTI,SS5,6,PTI/SS5/6,4433442.6
PTI,SS5,7,PTI/SS5/7,4433442.6
PTI,SS5,8,PTI/SS5/8,4433442.6
PTI,SS5,9,PTI/SS5/9,4433442.6
PTI,SS5,10,PTI/SS5/10,4433442.6
PTI,SS5,11,PTI/SS5/11,4433442.6
PTI,SS5,12,PTI/SS5/12,4433442.6
PTI,SS5,13,PTI/SS5/13,4433442.6
PTI,SS5,14,PTI/SS5/14,4433442.6
PTI,SS4,1,PTI/SS4/1,5107372.2
PTI,SS4,2,PTI/SS4/2,5107372.2
PTI,SS4,3,PTI/SS4/3,5107372.2
PTI,SS4,4,PTI/SS4/4,13389831
PTI,SS4,5,PTI/SS4/5,13660998.6
PTI,SS4,6,PTI/SS4/6,13669155
PTI,SS4,7,PTI/SS4/7,13669155
PTI,SS4,8,PTI/SS4/8,13669155
PTI,SS4,9,PTI/SS4/9,14842751.4
PTI,SS4,10,PTI/SS4/10,5313669
PTI,SS4,11,PTI/SS4/11,5313669
PTI,SS4,12,PTI/SS4/12,5313669
PTI,SS4,13,PTI/SS4/13,5313669
PTI,SS4,14,PTI/SS4/14,5313669
PTI,SS4,15,PTI/SS4/15,5313669
PTI,SS4,16,PTI/SS4/16,5313669
PTI,SS3,1,PTI/SS3/1,6018292.2
PTI,SS3,2,PTI/SS3/2,14628318.6
PTI,SS3,3,PTI/SS3/3,14703720.6
PTI,SS3,4,PTI/SS3/4,14745581.4
PTI,SS3,5,PTI/SS3/5,6090411
PTI,SS3,6,PTI/SS3/6,10442662.2
PTI,SS3,7,PTI/SS3/7,14197869
PTI,SS3,8,PTI/SS3/8,14362887
PTI,SS3,9,PTI/SS3/9,5107372.2
PTI,SS3,10,PTI/SS3/10,5107372.2
PTI,SS3,11,PTI/SS3/11,5107372.2
PTI,SS3,12,PTI/SS3/12,5107372.2
PTI,SS3,13,PTI/SS3/13,5107372.2
PTI,SS3,14,PTI/SS3/14,5107372.2
PTI,SS3,15,PTI/SS3/15,5107372.2
PTI,SS3,16,PTI/SS3/16,5107372.2
PTI,SS3,17,PTI/SS3/17,5107372.2
PTI,SS3,18,PTI/SS3/18,5107372.2
PTI,SS3,19,PTI/SS3/19,5107372.2
PTI,SS3,20,PTI/SS3/20,5107372.2
PTI,SS3,21,PTI/SS3/21,5107372.2
PTI,SS2,1,PTI/SS2/1,13042176.6
PTI,SS2,2,PTI/SS2/2,13042176.6
PTI,SS2,3,PTI/SS2/3,11766769.6
PTI,SS2,4,PTI/SS2/4,13409959.6
PTI,SS2,5,PTI/SS2/5,6018292.2
PTI,SS2,6,PTI/SS2/6,6018292.2
PTI,SS2,7,PTI/SS2/7,6018292.2
PTI,SS2,8,PTI/SS2/8,6018292.2
PTI,SS2,9,PTI/SS2/9,6018292.2
PTI,SS1,1,PTI/SS1/1,13042176.6
PTI,SS1,2,PTI/SS1/2,13042176.6
PTI,SS1,3,PTI/SS1/3,13042176.6
PTI,SS1,4,PTI/SS1/4,13042176.6
PTI,SS1,5,PTI/SS1/5,13042176.6
PTI,SS1,6,PTI/SS1/6,13042176.6
PTI,SS1,7,PTI/SS1/7,13042176.6
PTI,SS1,8,PTI/SS1/8,13042176.6
PTI,SS1,9,PTI/SS1/9,13042176.6
PTI,SS1,10,PTI/SS1/10,13042176.6
PTI,SS1,11,PTI/SS1/11,13042176.6
PTI,SS1,12,PTI/SS1/12,13042176.6
PTI,SS1,13,PTI/SS1/13,13042176.6
PTI,SS1,14,PTI/SS1/14,13042176.6
PTI,SS1,15,PTI/SS1/15,13042176.6
PTI,SS1,16,PTI/SS1/16,13042176.6
PTI,SS1,17,PTI/SS1/17,13042176.6
PTI,SS1,18,PTI/SS1/18,13042176.6
PTI,M6,1,PTI/M6/1,22691552
PTI,M6,2,PTI/M6/2,14738984.6
PTI,M6,3,PTI/M6/3,14738984.6
PTI,M6,4,PTI/M6/4,14738984.6
PTI,M6,5,PTI/M6/5,14738984.6
PTI,M6,6,PTI/M6/6,14738984.6
PTI,M6,7,PTI/M6/7,21413885
PTI,M6,8,PTI/M6/8,22827401
PTI,M6,9,PTI/M6/9,22827401
PTI,M6,10,PTI/M6/10,22827401
PTI,M6,11,PTI/M6/11,23212457
PTI,M6,12,PTI/M6/12,23654117
PTI,M6,13,PTI/M6/13,27133073
PTI,M6,14,PTI/M6/14,15416270.6
PTI,M6,15,PTI/M6/15,15416270.6
PTI,M6,16,PTI/M6/16,15872040.2
PTI,M6,17,PTI/M6/17,18342251
PTI,M6,18,PTI/M6/18,18964085
PTI,M6,19,PTI/M6/19,19339397
PTI,M5,1,PTI/M5/1,24289544
PTI,M5,2,PTI/M5/2,24674600
PTI,M5,3,PTI/M5/3,24674600
PTI,M5,4,PTI/M5/4,24674600
PTI,M5,5,PTI/M5/5,24674600
PTI,M5,6,PTI/M5/6,25460144
PTI,M5,7,PTI/M5/7,25493336
PTI,M5,8,PTI/M5/8,17785887.2
PTI,M5,9,PTI/M5/9,17785887.2
PTI,M5,10,PTI/M5/10,17785887.2
PTI,M5,11,PTI/M5/11,17785887.2
PTI,M5,12,PTI/M5/12,20194568
PTI,M5,13,PTI/M5/13,21426620
PTI,M5,14,PTI/M5/14,22691552
PTI,M4,1,PTI/M4/1,23991692
PTI,M4,2,PTI/M4/2,24289544
PTI,M4,3,PTI/M4/3,24289544
PTI,M3,1,PTI/M3/1,23624120
OGFZA,1,1,OGFZA/1/1,369867.6
OGFZA,1,2,OGFZA/1/2,375226.16
OGFZA,1,3,OGFZA/1/3,380584.72
OGFZA,1,4,OGFZA/1/4,385943.29
OGFZA,1,5,OGFZA/1/5,391301.85
OGFZA,1,6,OGFZA/1/6,396660.42
OGFZA,1,7,OGFZA/1/7,402018.98
OGFZA,1,8,OGFZA/1/8,407377.54
OGFZA,1,9,OGFZA/1/9,412736.11
OGFZA,1,10,OGFZA/1/10,418094.67
OGFZA,1,11,OGFZA/1/11,423453.24
OGFZA,1,12,OGFZA/1/12,428811.8
OGFZA,1,13,OGFZA/1/13,434170.36
OGFZA,1,14,OGFZA/1/14,439528.93
OGFZA,1,15,OGFZA/1/15,444887.49
OGFZA,2,1,OGFZA/2/1,400381.64
OGFZA,2,2,OGFZA/2/2,407824.09
OGFZA,2,3,OGFZA/2/3,415266.54
OGFZA,2,4,OGFZA/2/4,422708.99
OGFZA,2,5,OGFZA/2/5,430151.44
OGFZA,2,6,OGFZA/2/6,437593.89
OGFZA,2,7,OGFZA/2/7,445036.34
OGFZA,2,8,OGFZA/2/8,452478.79
OGFZA,2,9,OGFZA/2/9,459921.24
OGFZA,2,10,OGFZA/2/10,467363.69
OGFZA,2,11,OGFZA/2/11,474806.14
OGFZA,2,12,OGFZA/2/12,482248.59
OGFZA,2,13,OGFZA/2/13,489691.04
OGFZA,2,14,OGFZA/2/14,497133.49
OGFZA,2,15,OGFZA/2/15,504575.94
OGFZA,3,1,OGFZA/3/1,517615.3
OGFZA,3,2,OGFZA/3/2,528608.47
OGFZA,3,3,OGFZA/3/3,539601.63
OGFZA,3,4,OGFZA/3/4,550594.79
OGFZA,3,5,OGFZA/3/5,561587.96
OGFZA,3,6,OGFZA/3/6,572581.12
OGFZA,3,7,OGFZA/3/7,583574.29
OGFZA,3,8,OGFZA/3/8,594567.45
OGFZA,3,9,OGFZA/3/9,605560.61
OGFZA,3,10,OGFZA/3/10,616553.78
OGFZA,3,11,OGFZA/3/11,627546.94
OGFZA,3,12,OGFZA/3/12,638540.1
OGFZA,3,13,OGFZA/3/13,649533.27
OGFZA,3,14,OGFZA/3/14,660526.43
OGFZA,3,15,OGFZA/3/15,671519.6
OGFZA,4,1,OGFZA/4/1,593505.11
OGFZA,4,2,OGFZA/4/2,610041.41
OGFZA,4,3,OGFZA/4/3,626577.71
OGFZA,4,4,OGFZA/4/4,643114.01
OGFZA,4,5,OGFZA/4/5,659650.31
OGFZA,4,6,OGFZA/4/6,676186.61
OGFZA,4,7,OGFZA/4/7,692722.91
OGFZA,4,8,OGFZA/4/8,709259.21
OGFZA,4,9,OGFZA/4/9,725795.51
OGFZA,4,10,OGFZA/4/10,742331.82
OGFZA,4,11,OGFZA/4/11,758868.12
OGFZA,4,12,OGFZA/4/12,775404.42
OGFZA,4,13,OGFZA/4/13,791940.72
OGFZA,4,14,OGFZA/4/14,808477.02
OGFZA,4,15,OGFZA/4/15,825013.32
OGFZA,5,1,OGFZA/5/1,805874.69
OGFZA,5,2,OGFZA/5/2,829294.91
OGFZA,5,3,OGFZA/5/3,852715.13
OGFZA,5,4,OGFZA/5/4,876135.35
OGFZA,5,5,OGFZA/5/5,899555.57
OGFZA,5,6,OGFZA/5/6,922975.79
OGFZA,5,7,OGFZA/5/7,946396
OGFZA,5,8,OGFZA/5/8,969816.22
OGFZA,5,9,OGFZA/5/9,993236.44
OGFZA,5,10,OGFZA/5/10,1016656.66
OGFZA,5,11,OGFZA/5/11,1040076.88
OGFZA,5,12,OGFZA/5/12,1063497.1
OGFZA,5,13,OGFZA/5/13,1086917.31
OGFZA,5,14,OGFZA/5/14,1110337.53
OGFZA,5,15,OGFZA/5/15,1133757.75
OGFZA,6,1,OGFZA/6/1,1036684.26
OGFZA,6,2,OGFZA/6/2,1065554.51
OGFZA,6,3,OGFZA/6/3,1094424.75
OGFZA,6,4,OGFZA/6/4,1123295
OGFZA,6,5,OGFZA/6/5,1152165.24
OGFZA,6,6,OGFZA/6/6,1181035.49
OGFZA,6,7,OGFZA/6/7,1209905.73
OGFZA,6,8,OGFZA/6/8,1238775.98
OGFZA,6,9,OGFZA/6/9,1267646.22
OGFZA,6,10,OGFZA/6/10,1296516.47
OGFZA,6,11,OGFZA/6/11,1325386.71
OGFZA,6,12,OGFZA/6/12,1354256.96
OGFZA,6,13,OGFZA/6/13,1383127.2
OGFZA,6,14,OGFZA/6/14,1411997.45
OGFZA,6,15,OGFZA/6/15,1440867.69
OGFZA,7,1,OGFZA/7/1,1684895
OGFZA,7,2,OGFZA/7/2,1725241
OGFZA,7,3,OGFZA/7/3,1765587
OGFZA,7,4,OGFZA/7/4,1805933
OGFZA,7,5,OGFZA/7/5,1846279
OGFZA,7,6,OGFZA/7/6,1886625
OGFZA,7,7,OGFZA/7/7,1926971
OGFZA,7,8,OGFZA/7/8,1967317
OGFZA,7,9,OGFZA/7/9,2007663
OGFZA,7,10,OGFZA/7/10,2048009
OGFZA,7,11,OGFZA/7/11,2088355
OGFZA,7,12,OGFZA/7/12,2128701
OGFZA,7,13,OGFZA/7/13,2169047
OGFZA,7,14,OGFZA/7/14,2209393
OGFZA,7,15,OGFZA/7/15,2249739
OGFZA,8,1,OGFZA/8/1,1942489
OGFZA,8,2,OGFZA/8/2,1990525
OGFZA,8,3,OGFZA/8/3,2038561
OGFZA,8,4,OGFZA/8/4,2086597
OGFZA,8,5,OGFZA/8/5,2134634
OGFZA,8,6,OGFZA/8/6,2182670
OGFZA,8,7,OGFZA/8/7,2230706
OGFZA,8,8,OGFZA/8/8,2278742
OGFZA,8,9,OGFZA/8/9,2326778
OGFZA,8,10,OGFZA/8/10,2374814
OGFZA,8,11,OGFZA/8/11,2422850
OGFZA,8,12,OGFZA/8/12,2470886
OGFZA,8,13,OGFZA/8/13,2518922
OGFZA,8,14,OGFZA/8/14,2566959
OGFZA,8,15,OGFZA/8/15,2614995
OGFZA,9,1,OGFZA/9/1,2184446
OGFZA,9,2,OGFZA/9/2,2237269
OGFZA,9,3,OGFZA/9/3,2290093
OGFZA,9,4,OGFZA/9/4,2342916
OGFZA,9,5,OGFZA/9/5,2395740
OGFZA,9,6,OGFZA/9/6,2448563
OGFZA,9,7,OGFZA/9/7,2501387
OGFZA,9,8,OGFZA/9/8,2554210
OGFZA,9,9,OGFZA/9/9,2607034
OGFZA,9,10,OGFZA/9/10,2659857
OGFZA,9,11,OGFZA/9/11,2712681
OGFZA,9,12,OGFZA/9/12,2765504
OGFZA,9,13,OGFZA/9/13,2818328
OGFZA,9,14,OGFZA/9/14,2871151
OGFZA,9,15,OGFZA/9/15,2923975
OGFZA,10,1,OGFZA/10/1,2573059
OGFZA,10,2,OGFZA/10/2,2656553
OGFZA,10,3,OGFZA/10/3,2740046
OGFZA,10,4,OGFZA/10/4,2823540
OGFZA,10,5,OGFZA/10/5,2907034
OGFZA,10,6,OGFZA/10/6,2990527
OGFZA,10,7,OGFZA/10/7,3074021
OGFZA,10,8,OGFZA/10/8,3157514
OGFZA,10,9,OGFZA/10/9,3241008
OGFZA,10,10,OGFZA/10/10,3324502
OGFZA,10,11,OGFZA/10/11,3407995
OGFZA,10,12,OGFZA/10/12,3491489
OGFZA,10,13,OGFZA/10/13,3574983
OGFZA,10,14,OGFZA/10/14,3658476
OGFZA,10,15,OGFZA/10/15,3741970
OGFZA,12,1,OGFZA/12/1,3108888
OGFZA,12,2,OGFZA/12/2,3206205
OGFZA,12,3,OGFZA/12/3,3303521
OGFZA,12,4,OGFZA/12/4,3400837
OGFZA,12,5,OGFZA/12/5,3498153
OGFZA,12,6,OGFZA/12/6,3595470
OGFZA,12,7,OGFZA/12/7,3692786
OGFZA,12,8,OGFZA/12/8,3790102
OGFZA,12,9,OGFZA/12/9,3887419
OGFZA,12,10,OGFZA/12/10,3984735
OGFZA,12,11,OGFZA/12/11,4082051
OGFZA,13,1,OGFZA/13/1,3440576
OGFZA,13,2,OGFZA/13/2,3568914
OGFZA,13,3,OGFZA/13/3,3697253
OGFZA,13,4,OGFZA/13/4,3825591
OGFZA,13,5,OGFZA/13/5,3953930
OGFZA,13,6,OGFZA/13/6,4082268
OGFZA,13,7,OGFZA/13/7,4210607
OGFZA,13,8,OGFZA/13/8,4338945
OGFZA,13,9,OGFZA/13/9,4467284
OGFZA,14,1,OGFZA/14/1,4042083
OGFZA,14,2,OGFZA/14/2,4195857
OGFZA,14,3,OGFZA/14/3,4349632
OGFZA,14,4,OGFZA/14/4,4503406
OGFZA,14,5,OGFZA/14/5,4657180
OGFZA,14,6,OGFZA/14/6,4810955
OGFZA,14,7,OGFZA/14/7,4964729
OGFZA,14,8,OGFZA/14/8,5118503
OGFZA,14,9,OGFZA/14/9,5272278
OGFZA,15,1,OGFZA/15/1,4433500
OGFZA,15,2,OGFZA/15/2,4599770
OGFZA,15,3,OGFZA/15/3,4766040
OGFZA,15,4,OGFZA/15/4,4932310
OGFZA,15,5,OGFZA/15/5,5098580
OGFZA,15,6,OGFZA/15/6,5264850
OGFZA,15,7,OGFZA/15/7,5431120
OGFZA,15,8,OGFZA/15/8,5597390
OGFZA,15,9,OGFZA/15/9,5763660
OGFZA,16,1,OGFZA/16/1,4540407
OGFZA,16,2,OGFZA/16/2,4711786
OGFZA,16,3,OGFZA/16/3,4883166
OGFZA,16,4,OGFZA/16/4,5054545
OGFZA,16,5,OGFZA/16/5,5225925
OGFZA,16,6,OGFZA/16/6,5397305
OGFZA,16,7,OGFZA/16/7,5568684
OGFZA,16,8,OGFZA/16/8,5740064
OGFZA,16,9,OGFZA/16/9,5911443
OGFZA,17,1,OGFZA/17/1,4647314
OGFZA,17,2,OGFZA/17/2,4823803
OGFZA,17,3,OGFZA/17/3,5000292
OGFZA,17,4,OGFZA/17/4,5176781
OGFZA,17,5,OGFZA/17/5,5353270
OGFZA,17,6,OGFZA/17/6,5529759
OGFZA,17,7,OGFZA/17/7,5706248
OGFZA,17,8,OGFZA/17/8,5882737
OGFZA,17,9,OGFZA/17/9,6059227